id;copy_id;reader_id;issue_date;release_date;deadline_date
1;478;87;24.09.2000;08.10.2000;01.10.2000
2;152;173;03.03.2013;17.04.2013;17.03.2013
3;162;56;30.09.2012;21.10.2012;14.10.2012
4;111;47;11.10.2007;30.10.2007;18.10.2007
5;343;128;15.10.2011;11.11.2011;22.10.2011
6;391;94;20.05.2001;14.06.2001;10.06.2001
7;273;238;30.03.2009;19.05.2009;20.04.2009
8;484;95;25.01.2002;13.02.2002;08.02.2002
9;186;166;28.11.2003;25.12.2003;05.12.2003
10;180;79;21.04.2012;04.06.2012;28.04.2012
11;168;108;16.12.2010;14.02.2011;23.12.2010
12;127;88;15.09.2011;09.10.2011;06.10.2011
13;485;218;22.11.2010;15.12.2010;06.12.2010
14;123;75;02.08.2003;10.08.2003;09.08.2003
15;323;126;30.11.2005;08.01.2006;14.12.2005
16;248;158;15.09.2010;17.09.2010;22.09.2010
17;225;165;13.04.2009;15.04.2009;20.04.2009
18;401;111;05.08.2004;17.09.2004;12.08.2004
19;344;99;17.05.2008;10.06.2008;31.05.2008
20;496;136;26.04.2003;16.05.2003;24.05.2003
21;280;20;06.01.2003;13.01.2003;20.01.2003
22;291;29;29.08.2013;22.09.2013;19.09.2013
23;412;38;12.12.2001;08.01.2002;09.01.2002
24;157;142;16.07.2010;08.08.2010;06.08.2010
25;171;237;02.03.2008;16.03.2008;09.03.2008
26;207;11;28.06.2007;22.08.2007;12.07.2007
27;415;156;14.02.2004;14.02.2004;13.03.2004
28;210;126;06.06.2001;01.08.2001;04.07.2001
29;360;32;05.03.2004;09.04.2004;02.04.2004
30;257;126;27.03.2004;07.04.2004;24.04.2004
31;218;188;25.11.2003;27.12.2003;16.12.2003
32;288;93;29.06.2013;28.07.2013;20.07.2013
33;410;197;25.07.2001;04.08.2001;08.08.2001
34;12;109;10.03.2013;15.04.2013;24.03.2013
35;51;211;21.12.2001;18.02.2002;04.01.2002
36;306;202;22.05.2010;28.06.2010;29.05.2010
37;161;241;06.04.2013;18.05.2013;04.05.2013
38;230;42;07.10.2000;28.11.2000;21.10.2000
39;465;120;14.01.2005;31.01.2005;11.02.2005
40;27;162;26.11.2007;08.12.2007;17.12.2007
41;461;91;09.12.2004;12.12.2004;30.12.2004
42;312;1;16.03.2008;23.04.2008;13.04.2008
43;269;7;30.10.2008;09.12.2008;27.11.2008
44;434;15;11.09.2003;05.10.2003;09.10.2003
45;180;114;09.07.2007;25.08.2007;23.07.2007
46;61;182;28.06.2011;16.08.2011;05.07.2011
47;93;149;21.05.2010;02.07.2010;04.06.2010
48;236;8;06.12.2008;16.01.2009;27.12.2008
49;486;209;13.11.2012;31.12.2012;20.11.2012
50;250;205;13.07.2000;14.08.2000;03.08.2000
51;359;163;17.10.2013;14.11.2013;31.10.2013
52;480;79;27.04.2014;30.04.2014;11.05.2014
53;423;14;28.12.2010;04.01.2011;11.01.2011
54;408;232;07.05.2004;14.06.2004;21.05.2004
55;9;176;31.12.2008;01.02.2009;14.01.2009
56;79;21;13.01.2004;10.02.2004;10.02.2004
57;216;32;17.08.2005;19.09.2005;14.09.2005
58;95;241;19.06.2005;21.06.2005;10.07.2005
59;18;99;15.08.2009;11.09.2009;29.08.2009
60;285;19;06.02.2009;27.02.2009;06.03.2009
61;458;76;22.04.2009;20.06.2009;13.05.2009
62;266;68;31.08.2009;04.10.2009;14.09.2009
63;398;180;01.11.2013;10.11.2013;29.11.2013
64;450;90;21.01.2004;14.02.2004;04.02.2004
65;164;230;14.07.2013;17.08.2013;21.07.2013
66;472;86;23.01.2006;05.03.2006;13.02.2006
67;411;161;30.09.2010;26.11.2010;21.10.2010
68;328;1;14.11.2011;24.12.2011;05.12.2011
69;344;128;10.05.2015;08.07.2015;24.05.2015
70;220;37;13.03.2012;27.03.2012;27.03.2012
71;311;214;30.05.2015;09.07.2015;06.06.2015
72;217;19;23.01.2006;23.03.2006;13.02.2006
73;118;176;07.10.2009;18.10.2009;21.10.2009
74;430;54;04.12.2008;22.01.2009;01.01.2009
75;137;166;08.10.2006;20.11.2006;22.10.2006
76;241;224;02.07.2004;10.07.2004;16.07.2004
77;72;42;04.08.2002;26.09.2002;01.09.2002
78;241;70;13.09.2005;28.10.2005;20.09.2005
79;332;25;14.01.2012;10.03.2012;28.01.2012
80;344;107;13.01.2005;30.01.2005;03.02.2005
81;288;181;18.04.2013;29.05.2013;16.05.2013
82;410;95;29.06.2002;04.07.2002;06.07.2002
83;420;165;12.04.2009;26.04.2009;26.04.2009
84;490;68;07.04.2007;20.04.2007;28.04.2007
85;407;119;01.05.2010;01.06.2010;22.05.2010
86;303;32;30.04.2008;21.05.2008;07.05.2008
87;330;236;07.09.2001;05.10.2001;28.09.2001
88;339;189;29.04.2003;12.05.2003;27.05.2003
89;498;152;24.12.2012;12.02.2013;31.12.2012
90;263;35;10.05.2014;22.06.2014;17.05.2014
91;301;102;03.09.2011;16.10.2011;24.09.2011
92;327;79;02.07.2006;20.08.2006;16.07.2006
93;231;103;06.05.2005;25.05.2005;20.05.2005
94;308;130;14.04.2008;22.04.2008;21.04.2008
95;94;147;17.07.2002;27.07.2002;31.07.2002
96;235;174;11.11.2004;17.12.2004;09.12.2004
97;116;91;25.06.2007;20.07.2007;23.07.2007
98;466;195;11.04.2009;11.04.2009;25.04.2009
99;410;57;19.10.2000;20.10.2000;02.11.2000
100;399;44;19.04.2014;04.06.2014;17.05.2014
101;285;81;16.10.2013;28.10.2013;23.10.2013
102;195;230;22.05.2000;08.06.2000;05.06.2000
103;92;139;12.04.2013;27.04.2013;03.05.2013
104;79;176;19.08.2007;21.09.2007;02.09.2007
105;205;144;19.12.2007;10.02.2008;26.12.2007
106;374;58;05.12.2006;05.12.2006;26.12.2006
107;180;136;26.04.2009;29.04.2009;10.05.2009
108;123;199;25.06.2012;26.06.2012;09.07.2012
109;175;203;21.12.2004;09.01.2005;11.01.2005
110;135;171;28.12.2009;20.02.2010;18.01.2010
111;281;236;24.06.2014;26.06.2014;01.07.2014
112;396;33;05.03.2005;18.04.2005;12.03.2005
113;205;114;12.08.2007;24.08.2007;19.08.2007
114;173;170;04.10.2004;23.11.2004;25.10.2004
115;131;31;14.05.2010;13.06.2010;04.06.2010
116;329;87;16.04.2008;21.04.2008;07.05.2008
117;213;27;17.02.2010;07.04.2010;24.02.2010
118;73;211;17.08.2001;06.10.2001;07.09.2001
119;454;173;10.08.2007;13.08.2007;17.08.2007
120;29;210;17.05.2008;23.05.2008;14.06.2008
121;60;105;09.04.2013;25.05.2013;23.04.2013
122;21;20;21.12.2013;12.02.2014;04.01.2014
123;483;34;18.01.2002;27.01.2002;15.02.2002
124;453;199;27.04.2008;25.06.2008;18.05.2008
125;43;128;17.05.2013;01.07.2013;07.06.2013
126;479;90;22.04.2015;16.05.2015;20.05.2015
127;484;102;14.04.2008;28.04.2008;12.05.2008
128;115;83;13.07.2011;14.07.2011;03.08.2011
129;352;210;29.04.2008;15.05.2008;13.05.2008
130;311;137;07.01.2010;20.02.2010;21.01.2010
131;163;24;14.02.2014;27.02.2014;07.03.2014
132;389;100;25.10.2014;09.12.2014;01.11.2014
133;78;205;06.04.2005;23.05.2005;04.05.2005
134;187;78;22.02.2008;15.03.2008;29.02.2008
135;320;89;22.04.2014;16.05.2014;13.05.2014
136;57;233;09.07.2014;19.08.2014;23.07.2014
137;80;45;11.03.2014;08.05.2014;08.04.2014
138;312;179;08.06.2001;02.08.2001;29.06.2001
139;495;7;01.10.2005;08.10.2005;29.10.2005
140;187;220;01.04.2006;17.05.2006;22.04.2006
141;339;97;13.09.2003;22.09.2003;04.10.2003
142;184;178;05.10.2002;09.10.2002;02.11.2002
143;440;125;04.03.2005;07.03.2005;01.04.2005
144;186;44;19.03.2011;13.04.2011;26.03.2011
145;229;174;22.03.2005;18.05.2005;19.04.2005
146;297;199;28.12.2009;29.12.2009;25.01.2010
147;198;221;18.03.2000;11.04.2000;15.04.2000
148;225;39;20.05.2000;23.06.2000;03.06.2000
149;480;76;03.06.2006;13.06.2006;10.06.2006
150;275;15;18.04.2006;20.05.2006;16.05.2006
151;126;210;21.05.2007;24.05.2007;04.06.2007
152;127;68;01.08.2011;07.09.2011;08.08.2011
153;293;143;15.09.2012;01.11.2012;29.09.2012
154;154;239;03.01.2012;03.01.2012;24.01.2012
155;496;134;20.06.2004;16.07.2004;27.06.2004
156;2;220;23.12.2007;04.01.2008;13.01.2008
157;409;212;14.05.2000;17.05.2000;28.05.2000
158;416;201;25.05.2015;26.06.2015;22.06.2015
159;381;180;08.09.2003;04.11.2003;22.09.2003
160;316;4;17.11.2007;25.11.2007;15.12.2007
161;378;53;13.01.2010;14.01.2010;03.02.2010
162;446;219;04.12.2000;12.12.2000;11.12.2000
163;235;167;24.04.2006;02.05.2006;15.05.2006
164;427;5;07.08.2001;12.08.2001;04.09.2001
165;492;146;29.01.2004;16.02.2004;05.02.2004
166;357;109;31.01.2003;15.02.2003;14.02.2003
167;310;42;04.10.2011;11.11.2011;11.10.2011
168;126;142;23.09.2005;20.10.2005;07.10.2005
169;106;9;07.01.2001;25.01.2001;21.01.2001
170;431;183;31.01.2002;17.02.2002;21.02.2002
171;5;193;24.12.2013;11.01.2014;07.01.2014
172;233;20;27.01.2012;29.02.2012;03.02.2012
173;484;87;25.08.2013;23.10.2013;08.09.2013
174;301;28;19.06.2007;15.07.2007;03.07.2007
175;380;90;21.07.2005;26.07.2005;04.08.2005
176;338;30;25.06.2000;27.06.2000;23.07.2000
177;53;126;25.05.2002;21.06.2002;15.06.2002
178;452;226;04.10.2014;19.10.2014;01.11.2014
179;217;76;06.06.2013;20.06.2013;27.06.2013
180;1;68;13.09.2001;14.09.2001;20.09.2001
181;167;126;27.11.2004;06.01.2005;18.12.2004
182;328;160;10.08.2009;02.10.2009;24.08.2009
183;237;122;21.07.2003;27.08.2003;11.08.2003
184;424;74;17.06.2009;27.07.2009;08.07.2009
185;223;79;19.04.2010;18.05.2010;17.05.2010
186;53;181;24.12.2005;06.02.2006;21.01.2006
187;43;222;14.12.2007;01.01.2008;04.01.2008
188;358;1;11.05.2014;30.05.2014;08.06.2014
189;305;150;19.10.2008;14.12.2008;26.10.2008
190;363;33;14.08.2002;29.08.2002;04.09.2002
191;4;121;19.09.2010;17.11.2010;17.10.2010
192;367;189;04.10.2001;02.11.2001;01.11.2001
193;147;52;04.07.2006;15.07.2006;25.07.2006
194;256;142;18.06.2014;01.08.2014;09.07.2014
195;442;72;11.08.2012;01.09.2012;01.09.2012
196;396;106;30.04.2005;06.05.2005;28.05.2005
197;281;161;22.04.2002;26.04.2002;13.05.2002
198;382;78;15.03.2010;23.03.2010;05.04.2010
199;252;196;21.12.2011;31.12.2011;28.12.2011
200;120;87;21.04.2011;10.05.2011;05.05.2011
201;235;162;23.01.2001;25.02.2001;13.02.2001
202;211;182;06.10.2014;29.11.2014;13.10.2014
203;280;36;21.06.2011;13.07.2011;12.07.2011
204;230;30;27.03.2005;15.05.2005;17.04.2005
205;199;177;30.05.2008;27.06.2008;27.06.2008
206;149;27;14.08.2004;23.09.2004;28.08.2004
207;338;53;18.06.2003;03.07.2003;09.07.2003
208;110;88;06.04.2009;19.05.2009;20.04.2009
209;431;156;22.10.2011;26.10.2011;29.10.2011
210;298;231;18.12.2006;05.02.2007;15.01.2007
211;17;205;16.07.2009;23.08.2009;06.08.2009
212;387;186;19.01.2003;24.02.2003;09.02.2003
213;358;224;06.06.2011;21.07.2011;27.06.2011
214;29;189;23.09.2009;19.11.2009;21.10.2009
215;452;178;11.01.2008;01.02.2008;25.01.2008
216;5;241;10.05.2012;16.05.2012;17.05.2012
217;273;222;14.04.2004;12.06.2004;12.05.2004
218;20;189;13.03.2012;11.05.2012;27.03.2012
219;100;126;03.05.2013;07.06.2013;31.05.2013
220;45;79;01.05.2012;27.05.2012;29.05.2012
221;489;215;16.05.2000;02.07.2000;13.06.2000
222;441;151;10.01.2007;07.02.2007;31.01.2007
223;412;240;12.10.2011;05.12.2011;19.10.2011
224;394;73;28.02.2004;21.04.2004;27.03.2004
225;323;203;23.05.2004;29.06.2004;06.06.2004
226;476;234;14.11.2012;24.12.2012;21.11.2012
227;199;48;16.12.2004;16.12.2004;30.12.2004
228;378;1;03.04.2001;01.06.2001;10.04.2001
229;261;73;21.12.2001;29.01.2002;11.01.2002
230;123;19;29.09.2007;03.11.2007;27.10.2007
231;403;37;17.01.2013;04.03.2013;31.01.2013
232;426;84;06.09.2001;07.09.2001;27.09.2001
233;179;139;03.08.2014;04.09.2014;31.08.2014
234;464;71;14.12.2008;01.01.2009;28.12.2008
235;351;119;16.04.2005;14.05.2005;14.05.2005
236;287;118;25.12.2001;29.01.2002;15.01.2002
237;390;216;04.07.2002;11.07.2002;01.08.2002
238;379;110;08.09.2004;28.10.2004;22.09.2004
239;200;22;25.08.2012;26.08.2012;08.09.2012
240;368;203;14.12.2000;27.12.2000;28.12.2000
241;360;191;17.12.2008;06.02.2009;24.12.2008
242;97;99;11.03.2001;28.03.2001;01.04.2001
243;132;75;01.01.2011;30.01.2011;15.01.2011
244;326;69;11.11.2001;26.11.2001;18.11.2001
245;394;239;17.10.2013;05.11.2013;24.10.2013
246;101;108;17.02.2010;02.03.2010;10.03.2010
247;206;160;05.11.2001;15.11.2001;03.12.2001
248;464;98;03.10.2005;11.10.2005;10.10.2005
249;87;28;17.05.2006;04.06.2006;14.06.2006
250;92;232;08.10.2002;23.10.2002;15.10.2002
251;154;36;20.06.2001;16.07.2001;11.07.2001
252;359;39;12.09.2000;11.11.2000;19.09.2000
253;356;166;12.12.2001;24.12.2001;02.01.2002
254;108;233;28.11.2014;12.12.2014;26.12.2014
255;370;219;06.05.2013;13.05.2013;13.05.2013
256;180;162;21.09.2001;05.11.2001;19.10.2001
257;422;207;26.11.2000;06.12.2000;10.12.2000
258;461;121;20.02.2005;13.03.2005;13.03.2005
259;194;71;15.05.2004;14.06.2004;29.05.2004
260;39;191;28.03.2014;24.05.2014;25.04.2014
261;306;87;13.11.2009;01.12.2009;20.11.2009
262;158;62;31.10.2004;30.11.2004;21.11.2004
263;153;214;22.06.2006;19.07.2006;06.07.2006
264;246;200;24.03.2011;26.03.2011;07.04.2011
265;64;165;06.08.2010;07.09.2010;13.08.2010
266;297;4;07.01.2002;21.01.2002;14.01.2002
267;80;154;10.06.2008;17.07.2008;24.06.2008
268;27;188;24.05.2006;28.06.2006;07.06.2006
269;327;70;21.02.2014;15.03.2014;28.02.2014
270;72;177;18.01.2013;31.01.2013;15.02.2013
271;29;192;14.03.2012;14.04.2012;28.03.2012
272;436;119;27.08.2005;14.09.2005;03.09.2005
273;403;163;21.10.2013;11.11.2013;28.10.2013
274;371;224;28.05.2002;20.07.2002;04.06.2002
275;482;97;27.08.2013;11.10.2013;03.09.2013
276;266;181;14.08.2000;28.08.2000;21.08.2000
277;19;164;21.07.2011;08.08.2011;04.08.2011
278;92;80;19.09.2001;25.09.2001;03.10.2001
279;172;16;22.10.2010;23.11.2010;12.11.2010
280;409;155;29.04.2006;06.06.2006;06.05.2006
281;113;50;29.11.2008;15.01.2009;13.12.2008
282;299;71;05.07.2002;05.08.2002;26.07.2002
283;213;188;22.01.2009;06.03.2009;12.02.2009
284;64;97;15.10.2000;09.11.2000;29.10.2000
285;223;95;25.11.2009;12.01.2010;16.12.2009
286;399;151;26.03.2006;06.04.2006;02.04.2006
287;18;28;23.05.2004;28.06.2004;20.06.2004
288;181;164;05.03.2010;27.03.2010;02.04.2010
289;414;228;17.10.2004;30.10.2004;31.10.2004
290;162;117;18.12.2011;25.01.2012;15.01.2012
291;191;158;10.02.2011;26.02.2011;03.03.2011
292;215;188;18.06.2001;25.07.2001;16.07.2001
293;288;30;30.12.2000;10.01.2001;20.01.2001
294;482;120;06.10.2004;30.10.2004;13.10.2004
295;250;171;07.06.2012;04.08.2012;21.06.2012
296;146;61;22.01.2002;04.03.2002;29.01.2002
297;260;103;13.11.2001;26.12.2001;27.11.2001
298;302;231;14.10.2008;14.10.2008;28.10.2008
299;88;18;06.02.2010;07.03.2010;13.02.2010
300;282;82;13.09.2005;02.11.2005;04.10.2005
301;157;113;19.12.2007;13.01.2008;09.01.2008
302;389;182;26.01.2010;15.03.2010;16.02.2010
303;369;213;19.12.2014;10.01.2015;02.01.2015
304;85;172;10.03.2013;09.04.2013;31.03.2013
305;144;40;09.09.2006;23.10.2006;23.09.2006
306;51;206;23.06.2014;02.07.2014;07.07.2014
307;363;67;05.08.2012;04.10.2012;19.08.2012
308;134;55;05.09.2003;19.10.2003;12.09.2003
309;143;202;31.03.2000;05.05.2000;28.04.2000
310;174;172;01.04.2015;16.04.2015;08.04.2015
311;332;5;11.04.2011;30.05.2011;02.05.2011
312;227;150;25.04.2012;16.06.2012;02.05.2012
313;484;211;10.03.2005;18.04.2005;24.03.2005
314;320;164;14.07.2009;16.08.2009;21.07.2009
315;26;168;12.02.2010;21.03.2010;12.03.2010
316;87;80;29.06.2004;05.08.2004;13.07.2004
317;447;73;05.05.2007;25.05.2007;26.05.2007
318;305;158;21.02.2010;16.03.2010;28.02.2010
319;408;130;27.06.2009;16.07.2009;25.07.2009
320;486;236;18.01.2009;12.02.2009;25.01.2009
321;211;26;20.05.2003;26.06.2003;17.06.2003
322;360;1;12.03.2013;30.04.2013;09.04.2013
323;272;79;25.07.2009;31.07.2009;22.08.2009
324;305;1;28.04.2010;01.05.2010;26.05.2010
325;468;106;16.01.2013;01.02.2013;06.02.2013
326;336;129;07.10.2011;13.10.2011;14.10.2011
327;149;207;09.02.2002;09.02.2002;09.03.2002
328;433;218;05.07.2010;02.09.2010;26.07.2010
329;449;127;20.08.2009;27.08.2009;17.09.2009
330;57;233;17.01.2009;17.01.2009;07.02.2009
331;224;145;15.06.2012;21.06.2012;29.06.2012
332;242;223;05.01.2012;14.01.2012;02.02.2012
333;234;24;18.12.2003;19.12.2003;08.01.2004
334;33;237;02.08.2002;06.08.2002;09.08.2002
335;213;185;25.03.2004;07.04.2004;15.04.2004
336;222;203;30.08.2004;17.09.2004;13.09.2004
337;365;30;23.11.2013;10.01.2014;14.12.2013
338;478;179;19.10.2010;17.11.2010;09.11.2010
339;396;236;08.01.2011;28.01.2011;29.01.2011
340;40;104;06.04.2004;22.04.2004;13.04.2004
341;290;57;08.02.2008;07.04.2008;22.02.2008
342;9;22;17.04.2013;30.05.2013;24.04.2013
343;35;239;14.07.2009;05.09.2009;04.08.2009
344;46;177;20.06.2004;08.08.2004;04.07.2004
345;277;238;26.12.2009;19.01.2010;23.01.2010
346;75;204;22.04.2010;30.04.2010;06.05.2010
347;248;191;12.06.2004;31.07.2004;26.06.2004
348;482;171;15.02.2006;04.04.2006;22.02.2006
349;162;115;28.04.2001;29.04.2001;05.05.2001
350;422;102;22.12.2011;06.02.2012;05.01.2012
351;423;142;14.05.2011;25.06.2011;21.05.2011
352;463;34;21.06.2005;27.06.2005;19.07.2005
353;459;153;08.03.2004;12.03.2004;05.04.2004
354;321;18;23.05.2009;23.05.2009;06.06.2009
355;78;10;29.09.2009;15.11.2009;06.10.2009
356;243;116;05.03.2010;05.04.2010;26.03.2010
357;431;147;24.10.2010;18.11.2010;07.11.2010
358;301;38;25.06.2006;26.07.2006;09.07.2006
359;160;36;11.02.2010;11.02.2010;11.03.2010
360;88;237;18.10.2004;21.11.2004;15.11.2004
361;175;235;21.11.2010;21.11.2010;05.12.2010
362;498;124;07.06.2013;04.08.2013;21.06.2013
363;367;239;15.01.2001;02.03.2001;29.01.2001
364;494;220;10.11.2010;15.11.2010;08.12.2010
365;355;170;16.02.2007;24.03.2007;16.03.2007
366;464;172;11.12.2009;01.02.2010;18.12.2009
367;183;135;24.02.2001;18.03.2001;24.03.2001
368;387;62;18.03.2007;26.03.2007;08.04.2007
369;113;72;25.06.2010;10.07.2010;16.07.2010
370;357;160;13.05.2003;15.06.2003;10.06.2003
371;267;111;26.06.2009;12.08.2009;10.07.2009
372;202;166;25.06.2013;07.07.2013;02.07.2013
373;474;241;27.11.2008;03.01.2009;11.12.2008
374;408;75;31.10.2006;15.11.2006;28.11.2006
375;338;116;22.05.2002;23.05.2002;29.05.2002
376;167;238;25.08.2007;15.09.2007;01.09.2007
377;70;161;29.09.2002;23.10.2002;13.10.2002
378;155;200;01.07.2006;26.08.2006;29.07.2006
379;215;156;02.08.2004;11.08.2004;23.08.2004
380;449;39;02.06.2013;21.07.2013;16.06.2013
381;159;171;20.01.2002;23.01.2002;03.02.2002
382;193;113;10.02.2006;28.02.2006;10.03.2006
383;185;59;25.01.2008;04.03.2008;22.02.2008
384;493;69;18.08.2006;11.09.2006;15.09.2006
385;25;36;24.03.2011;03.05.2011;31.03.2011
386;9;5;17.09.2003;29.10.2003;01.10.2003
387;184;53;07.03.2010;29.04.2010;04.04.2010
388;80;1;16.11.2014;12.12.2014;07.12.2014
389;181;177;02.09.2002;31.10.2002;09.09.2002
390;157;125;15.01.2004;25.02.2004;05.02.2004
391;253;100;28.08.2014;08.10.2014;11.09.2014
392;379;217;13.09.2004;12.11.2004;20.09.2004
393;263;90;29.03.2010;14.04.2010;05.04.2010
394;10;236;04.03.2003;09.03.2003;01.04.2003
395;79;16;19.06.2012;25.07.2012;17.07.2012
396;450;183;19.09.2010;21.09.2010;17.10.2010
397;426;194;18.01.2008;13.03.2008;25.01.2008
398;448;232;13.02.2004;02.03.2004;05.03.2004
399;40;158;10.03.2011;26.04.2011;07.04.2011
400;6;189;28.06.2002;12.07.2002;26.07.2002
401;11;61;28.07.2011;23.09.2011;11.08.2011
402;142;174;15.03.2008;28.03.2008;12.04.2008
403;155;93;07.09.2006;25.09.2006;14.09.2006
404;246;113;29.01.2007;18.02.2007;05.02.2007
405;79;19;28.09.2014;14.10.2014;19.10.2014
406;435;241;19.08.2014;22.08.2014;16.09.2014
407;18;24;25.06.2005;18.08.2005;09.07.2005
408;186;44;16.11.2004;28.11.2004;23.11.2004
409;372;47;26.08.2014;19.09.2014;02.09.2014
410;466;213;01.11.2003;08.11.2003;22.11.2003
411;251;182;20.08.2010;15.10.2010;27.08.2010
412;419;102;28.02.2012;20.04.2012;20.03.2012
413;456;215;21.04.2015;03.06.2015;28.04.2015
414;421;167;19.04.2005;06.05.2005;03.05.2005
415;424;57;02.01.2004;23.02.2004;09.01.2004
416;244;107;29.12.2003;05.01.2004;12.01.2004
417;420;231;07.01.2015;08.02.2015;04.02.2015
418;356;145;02.06.2002;19.06.2002;16.06.2002
419;265;36;06.04.2006;21.04.2006;27.04.2006
420;38;166;07.03.2007;22.04.2007;21.03.2007
421;440;147;29.08.2011;22.09.2011;12.09.2011
422;367;201;01.02.2007;02.02.2007;01.03.2007
423;67;115;24.10.2011;16.12.2011;21.11.2011
424;431;169;07.10.2014;11.10.2014;28.10.2014
425;476;121;19.02.2001;05.04.2001;19.03.2001
426;327;35;23.02.2012;24.02.2012;01.03.2012
427;386;13;04.08.2001;01.09.2001;25.08.2001
428;57;79;16.12.2014;09.02.2015;06.01.2015
429;139;48;09.05.2002;07.07.2002;30.05.2002
430;61;233;28.07.2013;03.08.2013;18.08.2013
431;495;136;19.10.2014;09.11.2014;26.10.2014
432;240;40;17.12.2014;09.01.2015;24.12.2014
433;386;203;08.08.2003;29.08.2003;15.08.2003
434;235;233;04.03.2010;10.04.2010;25.03.2010
435;359;222;01.07.2005;19.08.2005;08.07.2005
436;52;75;04.01.2011;11.01.2011;18.01.2011
437;65;238;03.02.2011;01.03.2011;10.02.2011
438;51;172;28.08.2009;19.09.2009;25.09.2009
439;124;213;18.11.2005;21.11.2005;02.12.2005
440;26;82;06.06.2008;08.07.2008;20.06.2008
441;330;197;10.09.2010;08.10.2010;01.10.2010
442;300;204;05.04.2005;21.04.2005;03.05.2005
443;342;79;05.03.2012;21.03.2012;26.03.2012
444;178;23;28.01.2003;01.02.2003;11.02.2003
445;255;31;25.08.2006;18.09.2006;01.09.2006
446;326;165;10.01.2006;21.01.2006;31.01.2006
447;352;98;09.02.2003;05.04.2003;02.03.2003
448;121;211;25.09.2000;08.10.2000;16.10.2000
449;4;57;07.06.2007;05.07.2007;21.06.2007
450;379;2;26.05.2012;26.06.2012;23.06.2012
451;313;71;30.12.2003;06.01.2004;27.01.2004
452;286;197;03.12.2004;27.12.2004;17.12.2004
453;258;43;12.12.2011;27.01.2012;09.01.2012
454;20;20;18.09.2000;07.11.2000;16.10.2000
455;117;236;06.06.2005;23.06.2005;04.07.2005
456;17;178;20.10.2011;04.12.2011;03.11.2011
457;97;121;01.08.2008;06.09.2008;15.08.2008
458;460;44;22.07.2005;28.07.2005;12.08.2005
459;392;240;03.09.2008;17.10.2008;01.10.2008
460;302;100;18.11.2011;26.12.2011;25.11.2011
461;192;164;06.09.2012;29.09.2012;27.09.2012
462;410;50;23.09.2005;17.10.2005;14.10.2005
463;206;145;30.05.2001;31.05.2001;06.06.2001
464;3;20;02.10.2009;31.10.2009;30.10.2009
465;94;18;28.07.2000;05.08.2000;25.08.2000
466;170;206;07.04.2010;26.05.2010;14.04.2010
467;40;235;28.12.2013;29.12.2013;11.01.2014
468;40;120;27.03.2003;21.04.2003;10.04.2003
469;378;190;25.05.2009;30.05.2009;08.06.2009
470;15;148;05.09.2001;15.10.2001;12.09.2001
471;40;7;02.05.2002;08.06.2002;30.05.2002
472;346;18;28.01.2004;21.03.2004;18.02.2004
473;487;47;30.05.2007;05.07.2007;20.06.2007
474;164;76;29.08.2013;08.09.2013;05.09.2013
475;62;234;23.02.2008;21.03.2008;01.03.2008
476;264;79;17.10.2005;27.10.2005;07.11.2005
477;15;35;14.07.2011;06.09.2011;11.08.2011
478;200;10;26.02.2005;28.03.2005;26.03.2005
479;31;210;24.08.2002;18.10.2002;31.08.2002
480;260;88;10.04.2007;21.05.2007;08.05.2007
481;349;238;16.02.2006;25.02.2006;16.03.2006
482;208;138;21.10.2004;01.12.2004;28.10.2004
483;118;167;02.11.2010;13.11.2010;30.11.2010
484;187;190;04.08.2011;28.08.2011;18.08.2011
485;415;136;10.08.2013;29.09.2013;07.09.2013
486;472;162;19.07.2002;09.09.2002;09.08.2002
487;258;28;12.10.2007;19.10.2007;09.11.2007
488;450;161;21.06.2006;30.07.2006;28.06.2006
489;203;15;11.11.2003;02.01.2004;25.11.2003
490;316;76;22.08.2008;27.09.2008;12.09.2008
491;62;158;16.02.2005;02.03.2005;09.03.2005
492;488;121;05.01.2001;07.01.2001;26.01.2001
493;217;129;04.01.2003;24.01.2003;01.02.2003
494;355;51;04.04.2014;28.04.2014;11.04.2014
495;86;123;10.12.2005;27.01.2006;07.01.2006
496;279;141;29.03.2015;27.05.2015;26.04.2015
497;228;151;17.02.2003;13.03.2003;24.02.2003
498;185;110;19.03.2010;28.03.2010;16.04.2010
499;62;130;09.03.2007;23.03.2007;30.03.2007
500;333;70;19.06.2004;12.08.2004;10.07.2004
501;268;185;06.01.2008;24.01.2008;27.01.2008
502;334;169;16.02.2005;09.04.2005;16.03.2005
503;323;120;11.08.2004;04.10.2004;18.08.2004
504;79;145;04.09.2012;08.09.2012;11.09.2012
505;248;127;10.10.2014;17.11.2014;17.10.2014
506;293;91;11.09.2013;14.09.2013;02.10.2013
507;208;145;09.07.2001;23.08.2001;16.07.2001
508;336;150;08.04.2000;17.04.2000;15.04.2000
509;146;97;22.10.2002;01.11.2002;29.10.2002
510;424;129;21.11.2003;15.01.2004;05.12.2003
511;234;2;13.06.2008;29.06.2008;20.06.2008
512;321;159;25.06.2005;11.07.2005;16.07.2005
513;168;88;14.07.2014;14.07.2014;11.08.2014
514;448;176;03.10.2005;18.11.2005;17.10.2005
515;366;152;13.06.2002;07.07.2002;04.07.2002
516;285;4;27.02.2014;22.03.2014;20.03.2014
517;138;71;11.08.2013;17.08.2013;01.09.2013
518;374;83;18.10.2002;23.10.2002;25.10.2002
519;497;74;24.07.2010;06.08.2010;31.07.2010
520;497;66;17.11.2011;19.12.2011;15.12.2011
521;82;241;13.09.2001;30.09.2001;04.10.2001
522;82;1;18.09.2006;13.10.2006;02.10.2006
523;124;40;15.09.2003;22.09.2003;29.09.2003
524;431;110;29.02.2008;18.04.2008;28.03.2008
525;353;137;10.02.2000;14.03.2000;24.02.2000
526;377;229;03.08.2000;30.09.2000;31.08.2000
527;98;70;19.01.2000;28.02.2000;02.02.2000
528;450;26;26.07.2001;17.09.2001;16.08.2001
529;176;116;28.11.2013;16.01.2014;05.12.2013
530;344;184;22.10.2011;30.10.2011;12.11.2011
531;44;42;13.11.2009;21.11.2009;20.11.2009
532;274;99;24.01.2014;11.02.2014;14.02.2014
533;146;69;20.11.2010;30.12.2010;11.12.2010
534;219;4;18.08.2001;28.09.2001;15.09.2001
535;486;152;16.04.2013;25.05.2013;14.05.2013
536;452;237;01.12.2009;30.01.2010;15.12.2009
537;221;80;18.07.2005;03.09.2005;01.08.2005
538;276;114;25.12.2000;15.01.2001;01.01.2001
539;434;145;29.09.2007;31.10.2007;13.10.2007
540;408;174;21.08.2013;29.08.2013;04.09.2013
541;405;56;04.12.2005;10.12.2005;01.01.2006
542;175;53;18.03.2012;26.04.2012;15.04.2012
543;467;236;07.12.2014;24.12.2014;28.12.2014
544;57;185;09.02.2014;21.02.2014;16.02.2014
545;416;153;20.12.2009;30.12.2009;10.01.2010
546;495;85;02.02.2011;07.02.2011;09.02.2011
547;309;85;24.02.2008;17.04.2008;09.03.2008
548;248;124;06.03.2005;26.03.2005;13.03.2005
549;136;206;27.07.2008;03.08.2008;10.08.2008
550;185;15;26.02.2003;17.04.2003;26.03.2003
551;186;34;20.08.2004;26.08.2004;27.08.2004
552;254;112;29.12.2013;25.01.2014;26.01.2014
553;411;217;31.12.2004;18.02.2005;07.01.2005
554;341;43;13.06.2010;15.06.2010;04.07.2010
555;377;58;21.03.2012;22.04.2012;11.04.2012
556;61;64;28.10.2010;17.11.2010;18.11.2010
557;6;47;05.12.2012;30.01.2013;12.12.2012
558;223;72;12.07.2013;16.08.2013;02.08.2013
559;329;210;05.01.2009;05.01.2009;19.01.2009
560;399;2;18.03.2014;31.03.2014;01.04.2014
561;361;145;27.02.2011;22.03.2011;20.03.2011
562;24;147;22.08.2009;10.09.2009;19.09.2009
563;442;172;14.05.2014;05.06.2014;11.06.2014
564;279;200;20.02.2012;27.03.2012;19.03.2012
565;495;111;05.09.2009;02.11.2009;19.09.2009
566;249;75;04.01.2005;20.01.2005;25.01.2005
567;259;144;14.02.2012;10.04.2012;13.03.2012
568;326;72;24.01.2001;04.03.2001;21.02.2001
569;88;199;05.02.2013;20.03.2013;12.02.2013
570;366;230;04.05.2013;31.05.2013;11.05.2013
571;489;239;21.06.2002;29.06.2002;28.06.2002
572;259;161;30.11.2009;20.01.2010;14.12.2009
573;30;16;20.06.2013;26.07.2013;27.06.2013
574;301;93;26.02.2013;15.04.2013;12.03.2013
575;383;176;11.02.2009;19.02.2009;11.03.2009
576;148;198;25.02.2006;04.04.2006;25.03.2006
577;180;33;29.11.2005;14.12.2005;13.12.2005
578;209;227;29.11.2008;20.12.2008;06.12.2008
579;325;82;03.06.2013;06.06.2013;24.06.2013
580;402;99;19.07.2002;23.07.2002;09.08.2002
581;352;110;09.10.2006;07.12.2006;16.10.2006
582;308;71;23.09.2011;08.10.2011;21.10.2011
583;94;46;19.10.2011;29.11.2011;02.11.2011
584;296;123;13.06.2011;26.06.2011;04.07.2011
585;269;239;23.03.2000;15.04.2000;06.04.2000
586;18;74;11.02.2009;27.03.2009;04.03.2009
587;448;113;23.03.2015;13.04.2015;06.04.2015
588;137;43;10.01.2003;07.03.2003;24.01.2003
589;374;107;12.12.2008;24.12.2008;09.01.2009
590;483;147;25.12.2001;14.01.2002;22.01.2002
591;359;10;24.03.2004;15.05.2004;31.03.2004
592;304;221;12.12.2014;29.12.2014;02.01.2015
593;229;30;31.03.2003;16.05.2003;21.04.2003
594;272;233;09.10.2014;13.10.2014;16.10.2014
595;80;216;04.02.2010;24.02.2010;18.02.2010
596;167;137;12.01.2005;19.02.2005;09.02.2005
597;334;141;01.07.2006;21.07.2006;08.07.2006
598;391;122;14.03.2011;18.03.2011;21.03.2011
599;425;123;26.12.2012;23.02.2013;09.01.2013
600;175;73;26.01.2014;04.02.2014;02.02.2014
601;451;40;22.03.2007;21.04.2007;12.04.2007
602;9;174;19.09.2004;23.09.2004;03.10.2004
603;109;187;09.06.2015;28.06.2015;23.06.2015
604;331;221;28.01.2012;27.02.2012;25.02.2012
605;276;2;07.12.2005;13.01.2006;21.12.2005
606;107;117;14.02.2003;18.03.2003;28.02.2003
607;404;206;04.09.2009;19.09.2009;11.09.2009
608;35;155;05.06.2001;26.07.2001;03.07.2001
609;423;116;11.04.2008;24.05.2008;25.04.2008
610;196;63;21.06.2014;29.06.2014;28.06.2014
611;124;127;03.05.2010;08.05.2010;31.05.2010
612;76;41;19.12.2002;09.01.2003;26.12.2002
613;463;241;18.06.2012;12.08.2012;02.07.2012
614;296;143;27.09.2011;29.09.2011;04.10.2011
615;452;171;13.01.2006;22.02.2006;10.02.2006
616;457;163;13.09.2011;25.10.2011;27.09.2011
617;195;20;19.09.2006;21.09.2006;10.10.2006
618;247;162;30.06.2007;19.08.2007;07.07.2007
619;148;27;15.03.2007;19.03.2007;05.04.2007
620;265;95;15.09.2011;14.10.2011;29.09.2011
621;49;25;11.12.2010;27.12.2010;08.01.2011
622;367;180;14.02.2005;18.02.2005;21.02.2005
623;415;119;02.09.2001;01.10.2001;30.09.2001
624;299;143;13.10.2006;08.11.2006;03.11.2006
625;482;207;29.12.2005;10.01.2006;05.01.2006
626;269;114;01.04.2006;14.05.2006;08.04.2006
627;375;197;15.09.2005;24.10.2005;06.10.2005
628;3;129;13.07.2006;15.08.2006;10.08.2006
629;240;183;29.12.2001;21.01.2002;12.01.2002
630;328;58;08.09.2005;09.09.2005;29.09.2005
631;139;2;27.03.2012;28.04.2012;03.04.2012
632;288;54;12.02.2003;03.04.2003;26.02.2003
633;178;53;11.12.2010;09.02.2011;08.01.2011
634;109;50;10.09.2002;14.09.2002;17.09.2002
635;37;50;03.04.2003;22.04.2003;01.05.2003
636;49;109;30.01.2005;23.03.2005;13.02.2005
637;397;190;25.11.2009;01.12.2009;09.12.2009
638;247;101;14.08.2011;28.09.2011;28.08.2011
639;127;194;25.09.2012;23.10.2012;23.10.2012
640;280;29;12.03.2014;02.04.2014;09.04.2014
641;289;78;04.11.2004;14.12.2004;11.11.2004
642;26;14;24.04.2006;27.05.2006;22.05.2006
643;141;81;06.03.2000;12.04.2000;13.03.2000
644;409;98;27.03.2001;11.04.2001;17.04.2001
645;137;72;19.03.2015;25.04.2015;09.04.2015
646;380;182;09.10.2013;01.11.2013;23.10.2013
647;300;96;28.07.2014;24.09.2014;11.08.2014
648;67;229;15.02.2001;28.02.2001;01.03.2001
649;436;124;13.12.2013;30.01.2014;20.12.2013
650;123;123;23.02.2013;03.04.2013;23.03.2013
651;111;58;18.02.2003;18.02.2003;04.03.2003
652;91;171;07.11.2003;23.12.2003;28.11.2003
653;106;112;06.03.2000;23.03.2000;03.04.2000
654;152;49;11.02.2011;01.04.2011;18.02.2011
655;160;3;20.10.2000;10.11.2000;27.10.2000
656;155;181;29.05.2012;13.06.2012;26.06.2012
657;360;193;15.08.2010;25.09.2010;05.09.2010
658;4;183;29.01.2002;16.03.2002;12.02.2002
659;83;84;24.08.2014;08.10.2014;14.09.2014
660;484;18;05.04.2005;15.04.2005;26.04.2005
661;260;195;20.12.2002;03.01.2003;03.01.2003
662;288;172;27.03.2007;18.04.2007;03.04.2007
663;389;158;17.09.2001;10.10.2001;01.10.2001
664;463;26;01.06.2009;06.07.2009;22.06.2009
665;20;53;21.09.2005;18.11.2005;28.09.2005
666;260;235;20.01.2000;20.01.2000;17.02.2000
667;10;201;10.05.2002;18.06.2002;17.05.2002
668;280;58;03.01.2000;31.01.2000;17.01.2000
669;250;224;20.01.2008;19.03.2008;03.02.2008
670;96;213;09.11.2012;09.12.2012;16.11.2012
671;38;200;21.11.2009;10.12.2009;05.12.2009
672;383;20;29.04.2009;17.05.2009;13.05.2009
673;277;218;03.09.2009;26.09.2009;24.09.2009
674;157;231;04.06.2005;02.08.2005;02.07.2005
675;256;99;18.01.2014;13.02.2014;25.01.2014
676;390;116;11.02.2010;02.03.2010;11.03.2010
677;83;198;19.09.2014;20.09.2014;10.10.2014
678;95;126;28.01.2012;03.02.2012;11.02.2012
679;203;175;01.06.2002;05.07.2002;22.06.2002
680;333;135;01.09.2005;25.10.2005;08.09.2005
681;265;172;20.06.2012;27.06.2012;11.07.2012
682;344;66;05.10.2007;20.10.2007;19.10.2007
683;413;27;13.12.2004;26.01.2005;03.01.2005
684;397;209;27.09.2005;23.11.2005;11.10.2005
685;487;141;21.09.2012;26.10.2012;19.10.2012
686;361;16;05.03.2012;02.04.2012;02.04.2012
687;334;154;06.09.2003;05.10.2003;13.09.2003
688;157;59;23.04.2004;27.04.2004;30.04.2004
689;196;115;30.11.2013;04.12.2013;07.12.2013
690;130;194;25.08.2002;26.08.2002;08.09.2002
691;444;212;05.02.2015;28.02.2015;05.03.2015
692;385;236;11.07.2013;04.08.2013;25.07.2013
693;238;65;17.04.2000;30.04.2000;08.05.2000
694;311;121;29.09.2011;29.09.2011;06.10.2011
695;25;139;28.04.2005;30.04.2005;05.05.2005
696;400;125;08.09.2001;30.10.2001;29.09.2001
697;379;216;21.04.2008;11.06.2008;28.04.2008
698;352;237;24.07.2014;28.08.2014;31.07.2014
699;112;237;26.03.2012;24.05.2012;02.04.2012
700;64;74;11.01.2008;23.02.2008;25.01.2008
701;421;60;25.10.2007;22.12.2007;01.11.2007
702;218;2;25.03.2008;18.05.2008;22.04.2008
703;61;115;09.07.2008;04.09.2008;16.07.2008
704;274;97;31.12.2012;06.02.2013;07.01.2013
705;14;180;18.05.2004;08.07.2004;01.06.2004
706;35;187;27.06.2014;25.08.2014;04.07.2014
707;67;215;05.01.2005;19.01.2005;19.01.2005
708;371;142;08.12.2000;30.01.2001;05.01.2001
709;369;119;25.09.2013;07.11.2013;16.10.2013
710;452;35;17.07.2007;16.08.2007;24.07.2007
711;432;38;21.07.2012;12.08.2012;11.08.2012
712;327;27;08.11.2006;17.11.2006;22.11.2006
713;375;148;11.07.2000;16.07.2000;08.08.2000
714;182;170;17.12.2003;25.12.2003;14.01.2004
715;40;90;20.06.2010;25.07.2010;27.06.2010
716;443;142;05.12.2009;13.01.2010;12.12.2009
717;275;4;06.07.2006;27.07.2006;13.07.2006
718;234;68;17.01.2009;26.02.2009;31.01.2009
719;12;152;11.07.2003;25.08.2003;18.07.2003
720;295;78;17.03.2015;11.04.2015;14.04.2015
721;326;42;24.10.2011;27.10.2011;31.10.2011
722;444;228;01.02.2003;04.02.2003;08.02.2003
723;272;127;18.03.2001;21.03.2001;01.04.2001
724;367;7;16.11.2005;23.11.2005;23.11.2005
725;450;67;28.04.2003;24.05.2003;12.05.2003
726;196;102;12.02.2009;13.04.2009;19.02.2009
727;365;56;03.05.2008;15.06.2008;31.05.2008
728;355;136;20.05.2013;29.05.2013;10.06.2013
729;241;208;03.10.2001;19.10.2001;10.10.2001
730;481;194;29.11.2005;15.01.2006;27.12.2005
731;110;103;14.03.2012;22.04.2012;04.04.2012
732;190;160;15.12.2014;10.01.2015;05.01.2015
733;126;182;11.07.2010;11.08.2010;01.08.2010
734;6;215;10.07.2011;08.08.2011;17.07.2011
735;435;7;20.09.2012;22.10.2012;18.10.2012
736;193;239;04.04.2013;19.05.2013;02.05.2013
737;90;187;20.12.2005;21.12.2005;03.01.2006
738;351;196;11.05.2000;18.06.2000;08.06.2000
739;336;171;16.02.2009;28.03.2009;16.03.2009
740;224;188;24.05.2004;17.06.2004;31.05.2004
741;364;212;18.01.2003;30.01.2003;25.01.2003
742;289;170;06.01.2013;08.02.2013;03.02.2013
743;342;14;23.07.2010;30.07.2010;30.07.2010
744;190;225;03.06.2015;03.06.2015;17.06.2015
745;305;160;25.05.2010;17.07.2010;15.06.2010
746;383;159;12.05.2013;26.05.2013;19.05.2013
747;286;226;24.09.2014;01.10.2014;22.10.2014
748;280;144;08.06.2000;04.08.2000;22.06.2000
749;339;71;30.01.2009;17.03.2009;20.02.2009
750;37;199;11.05.2010;14.06.2010;25.05.2010
751;318;22;04.03.2001;09.03.2001;18.03.2001
752;106;196;26.05.2013;13.06.2013;09.06.2013
753;123;205;06.10.2000;12.11.2000;13.10.2000
754;436;223;27.08.2012;20.09.2012;10.09.2012
755;489;201;03.08.2001;31.08.2001;24.08.2001
756;247;198;06.04.2008;23.04.2008;04.05.2008
757;229;18;05.03.2015;06.04.2015;26.03.2015
758;134;106;08.02.2004;03.04.2004;22.02.2004
759;149;53;27.08.2010;30.09.2010;17.09.2010
760;70;50;25.05.2002;27.06.2002;22.06.2002
761;384;176;04.09.2009;16.09.2009;02.10.2009
762;105;223;21.09.2009;25.10.2009;19.10.2009
763;95;217;21.06.2006;20.08.2006;12.07.2006
764;298;168;05.03.2011;10.04.2011;02.04.2011
765;347;44;16.01.2008;14.02.2008;30.01.2008
766;149;182;03.03.2005;08.03.2005;24.03.2005
767;170;150;14.03.2015;07.04.2015;21.03.2015
768;306;17;06.06.2009;04.07.2009;20.06.2009
769;18;195;04.02.2009;13.03.2009;25.02.2009
770;338;61;05.11.2000;03.01.2001;12.11.2000
771;412;33;04.04.2009;02.06.2009;02.05.2009
772;217;197;31.10.2014;24.12.2014;21.11.2014
773;376;192;10.07.2007;23.08.2007;31.07.2007
774;265;140;28.06.2007;25.08.2007;12.07.2007
775;82;8;16.01.2011;28.01.2011;06.02.2011
776;140;28;17.03.2009;11.05.2009;14.04.2009
777;178;25;07.02.2002;19.03.2002;28.02.2002
778;219;10;20.04.2003;21.04.2003;18.05.2003
779;8;51;21.02.2000;27.02.2000;06.03.2000
780;378;95;16.03.2004;20.03.2004;13.04.2004
781;217;183;23.12.2009;19.02.2010;06.01.2010
782;22;206;26.09.2005;01.10.2005;24.10.2005
783;120;39;28.02.2004;15.03.2004;20.03.2004
784;206;17;27.12.2012;10.02.2013;03.01.2013
785;401;75;07.08.2000;22.08.2000;14.08.2000
786;180;23;09.06.2007;02.08.2007;16.06.2007
787;475;69;12.06.2004;22.06.2004;03.07.2004
788;6;154;13.01.2012;17.02.2012;27.01.2012
789;185;67;15.04.2010;23.05.2010;06.05.2010
790;465;192;28.03.2012;13.04.2012;11.04.2012
791;349;52;09.11.2008;01.01.2009;16.11.2008
792;113;89;04.01.2009;10.02.2009;01.02.2009
793;497;236;01.11.2012;08.11.2012;15.11.2012
794;200;128;08.05.2007;19.06.2007;15.05.2007
795;106;34;28.12.2012;27.01.2013;04.01.2013
796;123;96;25.10.2003;12.12.2003;15.11.2003
797;84;77;22.10.2004;22.11.2004;12.11.2004
798;350;44;23.10.2000;07.12.2000;13.11.2000
799;383;178;06.04.2008;05.05.2008;04.05.2008
800;284;8;23.11.2004;31.12.2004;30.11.2004
801;14;102;21.04.2008;23.04.2008;05.05.2008
802;375;130;04.11.2008;29.12.2008;25.11.2008
803;264;23;19.05.2003;27.06.2003;09.06.2003
804;180;147;11.06.2009;16.07.2009;02.07.2009
805;260;183;23.09.2007;06.10.2007;07.10.2007
806;466;218;03.10.2003;26.10.2003;24.10.2003
807;30;126;22.01.2010;13.02.2010;05.02.2010
808;242;95;09.08.2003;08.10.2003;23.08.2003
809;113;101;02.05.2005;01.07.2005;23.05.2005
810;268;125;17.04.2012;01.05.2012;01.05.2012
811;235;133;07.02.2004;28.03.2004;28.02.2004
812;499;56;09.08.2001;01.09.2001;06.09.2001
813;89;16;21.08.2011;07.09.2011;04.09.2011
814;88;54;11.05.2002;26.05.2002;01.06.2002
815;409;181;21.06.2010;25.07.2010;05.07.2010
816;367;12;04.08.2007;20.09.2007;11.08.2007
817;151;133;30.06.2007;01.08.2007;21.07.2007
818;258;12;02.07.2009;30.08.2009;30.07.2009
819;209;194;12.08.2011;24.08.2011;19.08.2011
820;223;77;24.08.2009;06.10.2009;31.08.2009
821;360;183;21.02.2005;25.03.2005;14.03.2005
822;53;156;21.08.2000;27.09.2000;11.09.2000
823;164;90;20.08.2010;17.09.2010;27.08.2010
824;135;143;06.03.2005;25.04.2005;27.03.2005
825;305;156;04.07.2003;01.08.2003;01.08.2003
826;483;70;22.09.2013;30.09.2013;20.10.2013
827;136;42;05.01.2012;07.02.2012;26.01.2012
828;235;107;30.06.2014;30.07.2014;14.07.2014
829;252;234;23.12.2001;08.01.2002;06.01.2002
830;87;122;04.05.2011;05.05.2011;01.06.2011
831;290;170;23.10.2008;18.12.2008;30.10.2008
832;68;70;20.08.2005;28.08.2005;27.08.2005
833;356;179;11.07.2003;10.08.2003;08.08.2003
834;53;231;18.01.2009;06.03.2009;08.02.2009
835;433;17;09.12.2007;19.12.2007;30.12.2007
836;197;80;12.07.2009;11.08.2009;26.07.2009
837;452;71;03.10.2008;18.11.2008;10.10.2008
838;43;186;13.04.2012;09.06.2012;04.05.2012
839;138;102;13.05.2004;27.06.2004;27.05.2004
840;320;178;18.05.2013;03.06.2013;08.06.2013
841;498;187;29.05.2011;30.06.2011;26.06.2011
842;483;209;01.01.2007;26.02.2007;08.01.2007
843;229;134;09.10.2004;27.10.2004;23.10.2004
844;88;153;30.04.2001;13.05.2001;14.05.2001
845;302;69;08.12.2000;17.01.2001;05.01.2001
846;41;107;09.05.2001;27.05.2001;23.05.2001
847;346;172;20.09.2001;08.10.2001;04.10.2001
848;431;204;26.06.2011;11.08.2011;24.07.2011
849;65;32;12.04.2001;14.04.2001;03.05.2001
850;309;72;02.04.2006;23.04.2006;30.04.2006
851;69;103;17.01.2009;18.01.2009;14.02.2009
852;394;15;22.03.2011;30.03.2011;12.04.2011
853;232;191;04.04.2005;24.04.2005;18.04.2005
854;268;154;28.08.2014;03.09.2014;25.09.2014
855;249;231;14.06.2014;26.07.2014;28.06.2014
856;429;238;06.07.2002;31.07.2002;27.07.2002
857;304;144;31.12.2001;25.01.2002;14.01.2002
858;15;80;18.11.2003;07.12.2003;09.12.2003
859;58;125;27.09.2003;18.10.2003;11.10.2003
860;285;119;15.06.2004;24.06.2004;06.07.2004
861;401;106;25.03.2004;12.05.2004;22.04.2004
862;350;134;25.03.2014;05.05.2014;01.04.2014
863;495;90;03.04.2000;30.05.2000;01.05.2000
864;493;237;21.10.2005;01.12.2005;28.10.2005
865;325;226;22.04.2003;18.05.2003;29.04.2003
866;278;66;14.04.2013;20.05.2013;28.04.2013
867;112;4;28.08.2001;01.10.2001;25.09.2001
868;217;73;17.05.2014;24.06.2014;24.05.2014
869;272;110;25.07.2014;28.08.2014;01.08.2014
870;305;23;07.09.2006;25.09.2006;21.09.2006
871;341;229;28.11.2002;29.11.2002;05.12.2002
872;44;151;24.02.2012;05.04.2012;02.03.2012
873;222;66;02.08.2014;09.09.2014;23.08.2014
874;435;90;07.10.2004;24.11.2004;14.10.2004
875;62;150;29.01.2007;12.03.2007;26.02.2007
876;331;133;18.04.2005;26.04.2005;16.05.2005
877;188;51;30.07.2000;17.09.2000;27.08.2000
878;214;3;07.04.2014;02.05.2014;05.05.2014
879;202;190;14.10.2006;26.11.2006;28.10.2006
880;289;203;12.08.2003;06.10.2003;19.08.2003
881;350;167;25.08.2000;30.08.2000;08.09.2000
882;442;146;04.09.2005;26.09.2005;02.10.2005
883;272;156;11.07.2003;15.07.2003;25.07.2003
884;433;218;25.05.2012;02.07.2012;22.06.2012
885;465;203;21.07.2012;19.08.2012;04.08.2012
886;175;156;23.08.2008;06.09.2008;20.09.2008
887;235;65;26.07.2006;02.08.2006;16.08.2006
888;481;184;21.02.2006;06.03.2006;21.03.2006
889;270;5;26.03.2008;12.04.2008;09.04.2008
890;182;76;03.03.2003;10.03.2003;17.03.2003
891;152;107;21.08.2003;25.08.2003;11.09.2003
892;299;4;26.11.2003;22.12.2003;24.12.2003
893;119;184;05.09.2005;29.09.2005;26.09.2005
894;339;69;10.06.2005;20.07.2005;24.06.2005
895;292;210;13.12.2010;17.12.2010;27.12.2010
896;193;200;27.08.2014;18.10.2014;24.09.2014
897;145;148;03.10.2003;11.11.2003;17.10.2003
898;71;166;21.04.2014;18.06.2014;19.05.2014
899;174;4;29.05.2015;22.07.2015;05.06.2015
900;159;195;04.12.2006;06.12.2006;25.12.2006
901;140;165;26.02.2012;06.04.2012;04.03.2012
902;125;60;01.05.2004;15.06.2004;22.05.2004
903;171;21;25.10.2008;08.12.2008;01.11.2008
904;60;44;06.12.2006;21.01.2007;13.12.2006
905;376;90;07.01.2007;16.02.2007;04.02.2007
906;370;82;21.08.2002;05.10.2002;11.09.2002
907;237;66;20.08.2009;27.08.2009;27.08.2009
908;78;240;02.07.2013;26.08.2013;30.07.2013
909;165;113;31.05.2003;25.07.2003;07.06.2003
910;369;156;08.05.2012;11.06.2012;15.05.2012
911;91;220;15.02.2012;21.03.2012;29.02.2012
912;136;134;22.04.2013;27.05.2013;13.05.2013
913;116;90;04.02.2005;08.03.2005;18.02.2005
914;367;20;08.01.2001;18.01.2001;15.01.2001
915;371;110;16.11.2005;26.12.2005;30.11.2005
916;108;210;25.02.2009;14.04.2009;11.03.2009
917;29;215;27.09.2008;25.11.2008;25.10.2008
918;142;62;23.03.2015;29.03.2015;30.03.2015
919;184;143;16.05.2004;15.06.2004;06.06.2004
920;458;69;15.06.2005;11.07.2005;22.06.2005
921;356;222;27.09.2013;18.10.2013;11.10.2013
922;420;222;28.08.2010;05.10.2010;18.09.2010
923;350;196;11.04.2002;28.05.2002;18.04.2002
924;282;90;14.05.2008;04.07.2008;21.05.2008
925;328;195;08.05.2006;19.05.2006;05.06.2006
926;488;173;14.02.2008;15.03.2008;13.03.2008
927;94;124;03.02.2011;11.02.2011;03.03.2011
928;109;199;26.04.2001;01.06.2001;17.05.2001
929;311;196;27.06.2004;18.07.2004;18.07.2004
930;204;45;15.08.2003;12.10.2003;12.09.2003
931;23;46;19.11.2006;01.01.2007;10.12.2006
932;265;179;24.06.2009;08.08.2009;15.07.2009
933;139;84;20.08.2013;17.10.2013;17.09.2013
934;462;65;29.11.2005;09.12.2005;06.12.2005
935;202;213;17.05.2006;21.06.2006;24.05.2006
936;12;163;22.07.2000;14.08.2000;05.08.2000
937;209;198;14.12.2008;02.02.2009;21.12.2008
938;256;142;16.09.2007;02.10.2007;23.09.2007
939;127;235;29.04.2015;18.06.2015;27.05.2015
940;296;240;29.08.2012;04.10.2012;19.09.2012
941;240;225;21.09.2013;15.11.2013;12.10.2013
942;289;220;08.02.2001;14.03.2001;22.02.2001
943;355;176;04.07.2009;13.08.2009;11.07.2009
944;498;58;23.03.2008;16.05.2008;30.03.2008
945;368;74;12.06.2003;08.08.2003;19.06.2003
946;280;2;25.09.2007;26.09.2007;09.10.2007
947;407;10;09.07.2002;24.08.2002;30.07.2002
948;95;85;27.02.2011;19.04.2011;26.03.2011
949;250;153;17.07.2004;12.08.2004;14.08.2004
950;61;166;17.12.2010;30.01.2011;07.01.2011
951;403;134;16.06.2013;05.08.2013;23.06.2013
952;337;216;07.09.2000;16.09.2000;14.09.2000
953;220;23;13.09.2003;12.11.2003;20.09.2003
954;104;202;14.11.2012;29.12.2012;21.11.2012
955;319;237;01.02.2002;21.03.2002;08.02.2002
956;6;237;29.01.2014;03.02.2014;26.02.2014
957;373;77;11.08.2007;19.08.2007;25.08.2007
958;142;60;15.11.2000;06.12.2000;22.11.2000
959;68;28;13.11.2002;02.01.2003;04.12.2002
960;444;107;15.12.2001;15.12.2001;22.12.2001
961;234;59;29.01.2002;23.02.2002;26.02.2002
962;281;79;01.09.2012;25.10.2012;08.09.2012
963;23;125;30.05.2004;29.06.2004;27.06.2004
964;461;154;31.03.2003;22.04.2003;14.04.2003
965;318;236;28.09.2001;11.10.2001;26.10.2001
966;303;118;27.11.2004;07.01.2005;18.12.2004
967;438;236;13.11.2011;25.11.2011;20.11.2011
968;271;19;02.09.2002;05.10.2002;09.09.2002
969;355;126;22.04.2009;20.05.2009;20.05.2009
970;132;35;21.08.2001;20.10.2001;18.09.2001
971;272;100;24.11.2012;05.12.2012;08.12.2012
972;339;69;22.01.2003;23.02.2003;05.02.2003
973;199;216;17.05.2013;18.05.2013;24.05.2013
974;179;54;17.04.2001;29.05.2001;08.05.2001
975;478;30;04.12.2001;07.12.2001;01.01.2002
976;441;1;04.04.2009;25.04.2009;25.04.2009
977;147;183;18.08.2010;25.09.2010;01.09.2010
978;72;90;24.03.2010;04.05.2010;31.03.2010
979;150;50;29.03.2006;14.04.2006;26.04.2006
980;69;224;30.12.2004;15.01.2005;27.01.2005
981;208;62;01.03.2003;07.04.2003;08.03.2003
982;130;157;21.11.2007;01.12.2007;19.12.2007
983;1;127;20.02.2002;27.03.2002;20.03.2002
984;264;26;18.06.2009;11.08.2009;02.07.2009
985;40;16;08.06.2014;03.08.2014;06.07.2014
986;112;229;02.07.2010;02.07.2010;23.07.2010
987;308;187;16.11.2014;23.11.2014;14.12.2014
988;273;154;28.11.2004;12.01.2005;19.12.2004
989;371;89;03.04.2003;08.05.2003;17.04.2003
990;281;172;06.08.2009;24.09.2009;03.09.2009
991;491;27;18.06.2015;08.08.2015;02.07.2015
992;463;110;25.09.2012;08.11.2012;23.10.2012
993;1;120;25.08.2013;04.10.2013;22.09.2013
994;181;224;06.12.2002;09.12.2002;27.12.2002
995;377;238;15.03.2013;28.03.2013;05.04.2013
996;288;183;02.01.2013;16.02.2013;16.01.2013
997;282;37;23.07.2010;08.09.2010;30.07.2010
998;310;94;26.12.2003;09.02.2004;09.01.2004
999;148;73;21.10.2000;09.11.2000;28.10.2000
1000;343;167;02.08.2011;20.08.2011;09.08.2011
1001;255;40;17.02.2000;28.03.2000;09.03.2000
1002;319;46;13.01.2012;18.01.2012;03.02.2012
1003;259;148;26.01.2002;05.02.2002;23.02.2002
1004;279;42;12.09.2007;15.10.2007;03.10.2007
1005;259;180;01.01.2010;28.02.2010;29.01.2010
1006;127;26;13.12.2014;16.01.2015;20.12.2014
1007;38;93;28.01.2000;06.02.2000;25.02.2000
1008;402;78;26.01.2011;26.03.2011;02.02.2011
1009;40;193;23.02.2007;08.04.2007;23.03.2007
1010;282;46;09.04.2002;23.05.2002;16.04.2002
1011;31;113;22.10.2003;22.10.2003;19.11.2003
1012;454;132;25.03.2004;22.04.2004;08.04.2004
1013;271;101;24.03.2013;06.04.2013;21.04.2013
1014;161;131;03.03.2000;13.04.2000;24.03.2000
1015;274;123;13.04.2012;29.04.2012;20.04.2012
1016;482;18;21.07.2014;06.08.2014;11.08.2014
1017;454;151;11.01.2005;17.01.2005;25.01.2005
1018;329;178;13.02.2002;20.02.2002;27.02.2002
1019;412;230;19.04.2012;13.05.2012;26.04.2012
1020;61;31;23.01.2007;07.02.2007;30.01.2007
1021;85;140;16.11.2012;30.11.2012;30.11.2012
1022;300;225;12.02.2003;15.02.2003;12.03.2003
1023;41;229;18.10.2004;21.11.2004;01.11.2004
1024;460;186;22.06.2011;05.07.2011;29.06.2011
1025;350;18;25.01.2012;27.02.2012;22.02.2012
1026;210;5;13.08.2007;03.09.2007;03.09.2007
1027;410;135;13.08.2001;30.09.2001;10.09.2001
1028;43;151;01.01.2008;19.01.2008;15.01.2008
1029;233;175;15.12.2014;29.12.2014;05.01.2015
1030;136;32;03.05.2015;27.05.2015;10.05.2015
1031;454;10;11.03.2006;05.05.2006;08.04.2006
1032;296;197;30.04.2010;09.06.2010;28.05.2010
1033;172;129;02.06.2002;15.07.2002;09.06.2002
1034;50;194;28.07.2003;24.09.2003;25.08.2003
1035;48;234;25.12.2000;04.02.2001;15.01.2001
1036;301;169;24.05.2012;20.07.2012;07.06.2012
1037;295;25;27.01.2009;16.02.2009;03.02.2009
1038;43;169;14.10.2010;17.10.2010;11.11.2010
1039;278;219;07.10.2001;22.10.2001;28.10.2001
1040;272;87;25.02.2008;13.03.2008;24.03.2008
1041;308;36;16.09.2013;12.11.2013;14.10.2013
1042;471;97;19.10.2006;18.11.2006;02.11.2006
1043;491;161;22.09.2002;11.10.2002;13.10.2002
1044;471;224;04.08.2014;06.08.2014;01.09.2014
1045;410;47;26.08.2010;17.10.2010;09.09.2010
1046;482;60;11.07.2001;26.08.2001;01.08.2001
1047;38;44;11.09.2004;10.10.2004;02.10.2004
1048;355;112;13.12.2004;02.01.2005;03.01.2005
1049;248;234;06.03.2015;17.04.2015;27.03.2015
1050;414;187;27.12.2002;20.02.2003;10.01.2003
1051;279;24;09.06.2013;08.08.2013;07.07.2013
1052;171;74;23.10.2012;14.11.2012;30.10.2012
1053;55;53;14.09.2003;25.10.2003;12.10.2003
1054;62;233;30.05.2005;01.07.2005;06.06.2005
1055;160;203;18.11.2009;12.01.2010;16.12.2009
1056;92;159;06.09.2012;05.11.2012;20.09.2012
1057;390;137;31.12.2000;13.02.2001;14.01.2001
1058;166;142;23.04.2002;19.05.2002;30.04.2002
1059;75;139;05.04.2006;05.04.2006;03.05.2006
1060;33;211;29.03.2015;24.05.2015;05.04.2015
1061;102;41;23.02.2007;03.03.2007;16.03.2007
1062;210;71;09.12.2007;30.12.2007;23.12.2007
1063;316;234;29.06.2001;18.08.2001;06.07.2001
1064;404;37;01.02.2013;20.03.2013;01.03.2013
1065;411;208;06.04.2006;19.05.2006;27.04.2006
1066;383;110;21.02.2006;11.03.2006;14.03.2006
1067;43;212;08.05.2001;16.05.2001;15.05.2001
1068;376;14;27.12.2005;19.02.2006;03.01.2006
1069;41;50;11.08.2008;22.09.2008;18.08.2008
1070;129;220;15.08.2008;16.08.2008;22.08.2008
1071;417;2;20.09.2007;24.09.2007;04.10.2007
1072;206;214;27.11.2014;25.01.2015;18.12.2014
1073;105;167;28.08.2004;14.09.2004;11.09.2004
1074;27;100;22.06.2007;20.08.2007;20.07.2007
1075;245;113;20.10.2011;13.12.2011;27.10.2011
1076;34;189;02.11.2006;23.11.2006;16.11.2006
1077;8;66;07.01.2004;13.02.2004;14.01.2004
1078;437;217;04.07.2006;14.07.2006;11.07.2006
1079;317;21;18.06.2000;11.08.2000;25.06.2000
1080;281;71;13.01.2004;06.03.2004;10.02.2004
1081;272;163;28.03.2010;31.03.2010;25.04.2010
1082;184;82;12.03.2004;28.04.2004;02.04.2004
1083;413;123;10.02.2005;11.03.2005;10.03.2005
1084;348;210;05.05.2001;18.05.2001;02.06.2001
1085;258;43;08.01.2012;31.01.2012;15.01.2012
1086;158;210;07.10.2005;21.10.2005;21.10.2005
1087;364;106;05.09.2014;21.10.2014;26.09.2014
1088;92;42;14.03.2007;28.03.2007;11.04.2007
1089;412;162;23.01.2004;27.01.2004;30.01.2004
1090;255;133;08.06.2009;08.07.2009;06.07.2009
1091;246;184;30.01.2007;11.02.2007;27.02.2007
1092;477;232;10.04.2006;17.04.2006;17.04.2006
1093;161;211;28.05.2007;29.05.2007;25.06.2007
1094;265;99;30.09.2011;18.11.2011;21.10.2011
1095;230;107;05.04.2002;12.05.2002;26.04.2002
1096;491;171;25.10.2001;09.11.2001;15.11.2001
1097;383;179;11.07.2013;14.08.2013;08.08.2013
1098;382;80;29.08.2011;08.10.2011;12.09.2011
1099;57;75;05.02.2002;03.03.2002;05.03.2002
1100;274;41;06.05.2014;09.05.2014;13.05.2014
1101;274;17;23.07.2000;11.08.2000;20.08.2000
1102;273;198;14.07.2010;03.09.2010;11.08.2010
1103;145;131;02.05.2003;08.06.2003;23.05.2003
1104;90;237;10.08.2013;15.09.2013;07.09.2013
1105;480;18;24.04.2010;10.05.2010;08.05.2010
1106;143;190;19.10.2009;21.10.2009;02.11.2009
1107;473;230;01.12.2013;29.01.2014;08.12.2013
1108;12;151;08.10.2014;30.11.2014;29.10.2014
1109;78;214;09.12.2008;15.12.2008;23.12.2008
1110;30;42;06.05.2003;07.05.2003;27.05.2003
1111;139;6;14.09.2013;09.10.2013;05.10.2013
1112;218;91;14.12.2005;26.12.2005;04.01.2006
1113;377;20;01.01.2008;17.01.2008;15.01.2008
1114;254;190;07.04.2014;07.04.2014;14.04.2014
1115;439;74;12.07.2004;19.08.2004;26.07.2004
1116;37;231;19.09.2003;06.10.2003;26.09.2003
1117;414;80;18.03.2013;07.05.2013;15.04.2013
1118;50;163;14.08.2009;25.08.2009;04.09.2009
1119;144;121;31.07.2002;02.08.2002;07.08.2002
1120;419;157;23.01.2008;21.03.2008;06.02.2008
1121;277;137;27.04.2003;27.04.2003;04.05.2003
1122;314;4;31.03.2014;09.05.2014;07.04.2014
1123;427;46;29.09.2003;19.10.2003;20.10.2003
1124;17;240;15.06.2013;13.07.2013;06.07.2013
1125;61;87;08.01.2011;12.01.2011;15.01.2011
1126;110;162;18.07.2005;20.08.2005;08.08.2005
1127;312;163;30.04.2010;15.05.2010;07.05.2010
1128;477;149;15.05.2006;16.06.2006;22.05.2006
1129;332;46;31.05.2008;05.07.2008;07.06.2008
1130;389;207;06.01.2000;29.01.2000;27.01.2000
1131;219;236;15.04.2007;13.06.2007;13.05.2007
1132;77;64;17.06.2003;14.08.2003;24.06.2003
1133;200;234;13.02.2015;27.02.2015;06.03.2015
1134;265;227;20.05.2007;23.05.2007;17.06.2007
1135;168;125;01.04.2009;20.05.2009;08.04.2009
1136;324;36;14.03.2014;02.04.2014;11.04.2014
1137;413;195;15.05.2000;15.05.2000;05.06.2000
1138;159;52;05.04.2003;27.04.2003;03.05.2003
1139;348;148;05.09.2008;15.10.2008;19.09.2008
1140;398;89;12.01.2013;24.01.2013;09.02.2013
1141;482;72;02.04.2014;14.04.2014;16.04.2014
1142;365;25;21.02.2007;20.04.2007;07.03.2007
1143;175;229;17.12.2014;25.12.2014;31.12.2014
1144;404;157;10.09.2012;10.10.2012;17.09.2012
1145;269;230;15.07.2001;21.08.2001;05.08.2001
1146;321;166;27.07.2006;07.08.2006;24.08.2006
1147;120;34;16.07.2009;16.07.2009;13.08.2009
1148;44;130;24.05.2001;10.06.2001;21.06.2001
1149;495;120;12.08.2001;02.10.2001;09.09.2001
1150;260;148;15.08.2008;16.08.2008;05.09.2008
1151;123;130;10.10.2000;01.11.2000;07.11.2000
1152;272;197;28.08.2010;13.09.2010;11.09.2010
1153;383;193;08.03.2012;24.04.2012;22.03.2012
1154;10;177;27.02.2003;15.04.2003;06.03.2003
1155;199;149;07.10.2010;05.11.2010;28.10.2010
1156;235;115;06.11.2014;21.11.2014;27.11.2014
1157;287;108;16.12.2000;17.12.2000;23.12.2000
1158;37;82;08.05.2000;26.05.2000;15.05.2000
1159;401;88;11.03.2014;04.05.2014;01.04.2014
1160;429;149;20.11.2008;15.01.2009;11.12.2008
1161;165;182;10.05.2007;19.06.2007;17.05.2007
1162;83;57;25.01.2004;03.02.2004;15.02.2004
1163;20;161;02.07.2013;02.07.2013;16.07.2013
1164;396;43;02.10.2007;05.11.2007;09.10.2007
1165;389;101;28.12.2003;28.12.2003;25.01.2004
1166;363;41;25.12.2014;31.12.2014;22.01.2015
1167;268;205;04.04.2012;02.05.2012;02.05.2012
1168;99;70;20.07.2012;05.08.2012;27.07.2012
1169;197;53;26.07.2010;16.09.2010;02.08.2010
1170;84;235;10.08.2007;05.10.2007;24.08.2007
1171;187;195;14.08.2011;10.09.2011;04.09.2011
1172;440;113;21.03.2005;22.04.2005;11.04.2005
1173;366;226;16.03.2004;29.03.2004;23.03.2004
1174;481;110;01.10.2011;24.10.2011;22.10.2011
1175;191;50;08.10.2013;28.11.2013;22.10.2013
1176;68;231;28.10.2006;18.11.2006;25.11.2006
1177;68;5;28.09.2005;29.09.2005;19.10.2005
1178;228;232;27.10.2004;24.11.2004;03.11.2004
1179;440;79;10.07.2014;13.08.2014;24.07.2014
1180;222;60;04.03.2003;06.03.2003;01.04.2003
1181;175;125;01.12.2004;16.12.2004;08.12.2004
1182;37;203;23.01.2001;02.02.2001;30.01.2001
1183;422;105;25.11.2002;04.12.2002;09.12.2002
1184;476;174;27.09.2004;10.10.2004;18.10.2004
1185;247;197;03.09.2000;01.11.2000;10.09.2000
1186;69;181;08.08.2014;30.08.2014;05.09.2014
1187;361;229;20.03.2003;17.04.2003;03.04.2003
1188;63;198;06.01.2014;18.01.2014;03.02.2014
1189;450;70;08.12.2008;04.02.2009;15.12.2008
1190;227;214;22.11.2008;29.11.2008;13.12.2008
1191;426;208;10.04.2010;03.05.2010;08.05.2010
1192;132;209;09.06.2012;02.08.2012;16.06.2012
1193;313;202;30.04.2014;27.05.2014;14.05.2014
1194;224;132;21.12.2013;23.12.2013;28.12.2013
1195;423;188;30.12.2012;24.02.2013;13.01.2013
1196;65;219;23.09.2012;07.11.2012;07.10.2012
1197;93;78;19.05.2010;04.06.2010;02.06.2010
1198;72;90;21.08.2009;10.10.2009;18.09.2009
1199;395;156;26.11.2012;24.01.2013;10.12.2012
1200;377;161;02.09.2010;20.09.2010;30.09.2010
1201;339;163;01.07.2002;17.07.2002;15.07.2002
1202;222;127;18.03.2012;31.03.2012;08.04.2012
1203;246;100;01.01.2000;17.01.2000;08.01.2000
1204;370;20;01.09.2008;14.10.2008;08.09.2008
1205;437;170;02.04.2010;22.05.2010;30.04.2010
1206;140;127;08.08.2002;02.09.2002;05.09.2002
1207;145;205;07.05.2010;19.05.2010;14.05.2010
1208;109;32;13.04.2005;19.04.2005;04.05.2005
1209;274;174;15.02.2006;23.02.2006;22.02.2006
1210;224;12;09.07.2008;07.08.2008;16.07.2008
1211;493;42;28.12.2009;26.02.2010;11.01.2010
1212;219;206;20.11.2003;17.01.2004;18.12.2003
1213;382;158;22.02.2010;09.03.2010;22.03.2010
1214;172;8;04.03.2002;26.04.2002;01.04.2002
1215;236;34;24.12.2001;11.01.2002;14.01.2002
1216;227;11;15.09.2002;24.10.2002;06.10.2002
1217;159;33;25.08.2014;17.09.2014;08.09.2014
1218;431;185;20.11.2000;27.12.2000;11.12.2000
1219;393;143;15.09.2005;17.09.2005;06.10.2005
1220;412;69;31.12.2001;28.01.2002;21.01.2002
1221;274;74;05.06.2015;07.07.2015;03.07.2015
1222;316;50;28.11.2013;20.12.2013;26.12.2013
1223;64;203;11.11.2013;07.12.2013;18.11.2013
1224;312;1;21.07.2005;31.07.2005;04.08.2005
1225;454;180;19.02.2002;19.04.2002;19.03.2002
1226;351;63;14.11.2001;26.12.2001;05.12.2001
1227;269;83;01.10.2006;28.11.2006;15.10.2006
1228;114;178;20.07.2009;04.08.2009;27.07.2009
1229;466;108;20.03.2007;29.03.2007;10.04.2007
1230;401;70;29.05.2014;29.05.2014;05.06.2014
1231;265;159;11.11.2010;01.12.2010;09.12.2010
1232;212;143;01.09.2005;15.10.2005;15.09.2005
1233;136;236;17.01.2001;12.02.2001;07.02.2001
1234;124;127;13.08.2001;18.08.2001;27.08.2001
1235;206;2;25.08.2004;17.10.2004;15.09.2004
1236;9;142;13.04.2001;02.05.2001;11.05.2001
1237;446;61;08.08.2013;12.09.2013;15.08.2013
1238;188;214;28.02.2008;10.04.2008;20.03.2008
1239;416;239;27.01.2005;21.02.2005;24.02.2005
1240;57;92;09.07.2013;04.08.2013;30.07.2013
1241;420;77;08.01.2002;25.01.2002;22.01.2002
1242;47;4;25.03.2004;30.04.2004;01.04.2004
1243;172;201;24.05.2005;11.06.2005;21.06.2005
1244;303;235;10.03.2012;06.05.2012;17.03.2012
1245;5;214;01.01.2014;02.03.2014;29.01.2014
1246;207;218;22.12.2008;01.01.2009;12.01.2009
1247;3;225;09.03.2007;05.05.2007;16.03.2007
1248;470;6;30.09.2000;24.10.2000;14.10.2000
1249;497;187;30.08.2005;08.10.2005;27.09.2005
1250;127;179;16.01.2000;30.01.2000;30.01.2000
1251;267;34;09.10.2005;16.11.2005;06.11.2005
1252;406;222;22.08.2006;31.08.2006;29.08.2006
1253;338;74;28.08.2004;12.09.2004;04.09.2004
1254;258;149;14.11.2006;24.12.2006;12.12.2006
1255;215;237;10.09.2009;30.10.2009;17.09.2009
1256;297;49;16.06.2007;19.06.2007;07.07.2007
1257;93;174;01.05.2009;10.05.2009;22.05.2009
1258;138;62;08.05.2000;16.06.2000;05.06.2000
1259;86;191;19.04.2010;16.06.2010;10.05.2010
1260;96;38;18.12.2002;28.12.2002;01.01.2003
1261;158;193;28.07.2013;25.09.2013;04.08.2013
1262;321;152;25.07.2014;10.08.2014;15.08.2014
1263;216;224;25.03.2002;26.03.2002;15.04.2002
1264;169;38;16.01.2001;12.03.2001;06.02.2001
1265;393;5;22.01.2001;20.02.2001;19.02.2001
1266;458;106;19.05.2002;11.06.2002;09.06.2002
1267;126;35;06.07.2008;13.07.2008;03.08.2008
1268;24;148;23.08.2013;28.08.2013;06.09.2013
1269;251;66;06.04.2010;02.05.2010;20.04.2010
1270;50;199;02.08.2013;09.08.2013;23.08.2013
1271;85;229;02.07.2007;31.07.2007;30.07.2007
1272;202;146;04.06.2004;03.08.2004;11.06.2004
1273;274;204;09.06.2010;09.07.2010;30.06.2010
1274;50;169;30.07.2009;18.08.2009;27.08.2009
1275;152;50;27.03.2007;25.05.2007;10.04.2007
1276;132;202;26.09.2003;08.11.2003;10.10.2003
1277;51;131;19.11.2012;21.11.2012;26.11.2012
1278;290;84;29.12.2005;01.01.2006;26.01.2006
1279;192;186;14.10.2009;04.11.2009;11.11.2009
1280;469;206;11.02.2009;19.02.2009;11.03.2009
1281;338;156;29.06.2009;24.08.2009;27.07.2009
1282;482;207;03.01.2008;11.01.2008;31.01.2008
1283;146;124;27.04.2013;03.06.2013;18.05.2013
1284;52;101;28.01.2000;08.03.2000;11.02.2000
1285;300;132;09.08.2002;14.08.2002;30.08.2002
1286;293;122;19.02.2014;26.02.2014;26.02.2014
1287;276;221;05.07.2007;15.08.2007;26.07.2007
1288;169;101;25.07.2014;23.09.2014;01.08.2014
1289;379;22;09.07.2005;01.09.2005;16.07.2005
1290;215;34;15.08.2010;21.08.2010;22.08.2010
1291;330;16;12.04.2000;14.04.2000;10.05.2000
1292;247;159;15.07.2012;27.07.2012;12.08.2012
1293;124;175;17.03.2006;26.04.2006;31.03.2006
1294;96;113;26.06.2009;06.08.2009;24.07.2009
1295;86;27;28.02.2004;22.04.2004;06.03.2004
1296;123;120;07.09.2011;23.09.2011;21.09.2011
1297;251;241;13.11.2009;21.12.2009;11.12.2009
1298;212;73;07.10.2011;19.10.2011;28.10.2011
1299;459;159;28.10.2001;01.11.2001;11.11.2001
1300;462;57;22.04.2015;08.05.2015;13.05.2015
1301;59;167;22.12.2014;07.02.2015;19.01.2015
1302;397;237;25.08.2002;23.10.2002;01.09.2002
1303;396;183;07.05.2011;29.05.2011;04.06.2011
1304;371;211;26.11.2011;02.12.2011;10.12.2011
1305;23;51;17.02.2011;24.03.2011;03.03.2011
1306;485;200;27.03.2005;13.05.2005;10.04.2005
1307;422;22;12.09.2012;27.09.2012;10.10.2012
1308;387;71;21.04.2008;26.05.2008;12.05.2008
1309;216;97;31.12.2014;19.02.2015;07.01.2015
1310;144;179;23.01.2003;21.03.2003;13.02.2003
1311;137;124;25.09.2010;18.10.2010;02.10.2010
1312;354;21;24.05.2003;01.07.2003;31.05.2003
1313;286;116;14.06.2013;09.07.2013;21.06.2013
1314;470;102;16.09.2010;21.09.2010;30.09.2010
1315;166;81;02.07.2009;18.07.2009;09.07.2009
1316;35;189;17.07.2003;15.08.2003;07.08.2003
1317;329;14;29.09.2004;30.09.2004;20.10.2004
1318;85;178;14.01.2012;17.01.2012;28.01.2012
1319;210;151;27.08.2004;26.09.2004;17.09.2004
1320;307;125;12.04.2010;25.05.2010;10.05.2010
1321;478;182;02.01.2003;09.01.2003;23.01.2003
1322;397;86;31.07.2009;25.09.2009;14.08.2009
1323;305;91;02.08.2008;01.09.2008;16.08.2008
1324;433;122;06.03.2014;09.04.2014;03.04.2014
1325;238;221;15.07.2012;02.09.2012;22.07.2012
1326;238;83;14.07.2009;15.07.2009;21.07.2009
1327;269;162;15.10.2014;22.10.2014;12.11.2014
1328;103;73;19.05.2006;20.05.2006;02.06.2006
1329;337;35;10.06.2015;02.08.2015;08.07.2015
1330;279;215;14.04.2009;24.04.2009;21.04.2009
1331;286;121;03.07.2003;04.08.2003;31.07.2003
1332;320;62;14.03.2002;11.04.2002;11.04.2002
1333;238;105;17.03.2007;30.03.2007;31.03.2007
1334;210;67;01.11.2002;26.11.2002;29.11.2002
1335;165;206;22.12.2010;29.12.2010;19.01.2011
1336;180;178;05.04.2002;08.04.2002;12.04.2002
1337;298;92;21.10.2013;29.11.2013;28.10.2013
1338;429;63;04.12.2002;22.01.2003;18.12.2002
1339;399;51;04.07.2004;28.08.2004;11.07.2004
1340;316;161;09.05.2010;26.05.2010;23.05.2010
1341;156;165;19.01.2015;19.02.2015;16.02.2015
1342;180;197;27.12.2002;14.02.2003;17.01.2003
1343;281;19;12.01.2012;03.02.2012;09.02.2012
1344;228;118;18.09.2013;24.10.2013;02.10.2013
1345;485;82;16.10.2013;29.11.2013;23.10.2013
1346;191;89;02.03.2003;28.04.2003;23.03.2003
1347;68;89;06.09.2010;07.09.2010;27.09.2010
1348;477;119;05.02.2004;26.03.2004;04.03.2004
1349;363;144;12.10.2003;18.10.2003;02.11.2003
1350;139;169;13.04.2013;20.04.2013;04.05.2013
1351;343;116;31.03.2002;05.05.2002;21.04.2002
1352;365;225;05.10.2006;26.10.2006;02.11.2006
1353;68;12;04.04.2009;03.06.2009;25.04.2009
1354;106;100;23.04.2009;25.04.2009;30.04.2009
1355;422;177;28.12.2008;31.01.2009;11.01.2009
1356;251;160;26.10.2012;30.10.2012;09.11.2012
1357;414;161;20.04.2012;24.04.2012;04.05.2012
1358;406;71;06.06.2013;30.06.2013;27.06.2013
1359;64;63;01.02.2013;18.03.2013;15.02.2013
1360;246;121;08.11.2014;21.12.2014;29.11.2014
1361;269;212;20.04.2000;07.05.2000;18.05.2000
1362;134;138;14.10.2010;20.11.2010;11.11.2010
1363;342;120;03.01.2000;21.02.2000;24.01.2000
1364;193;165;31.12.2012;08.01.2013;07.01.2013
1365;223;126;29.09.2005;01.10.2005;27.10.2005
1366;350;38;18.06.2014;26.06.2014;25.06.2014
1367;143;177;15.02.2009;05.04.2009;22.02.2009
1368;326;241;16.02.2011;26.03.2011;09.03.2011
1369;7;73;24.12.2010;11.02.2011;21.01.2011
1370;181;74;08.03.2009;04.04.2009;05.04.2009
1371;205;19;10.06.2005;14.06.2005;08.07.2005
1372;57;21;18.05.2000;15.07.2000;01.06.2000
1373;192;196;05.12.2006;30.12.2006;19.12.2006
1374;373;138;12.01.2004;06.02.2004;26.01.2004
1375;103;160;22.10.2008;28.10.2008;05.11.2008
1376;448;46;31.05.2000;13.06.2000;21.06.2000
1377;209;53;07.01.2010;12.01.2010;14.01.2010
1378;227;115;16.03.2004;26.03.2004;06.04.2004
1379;33;231;10.07.2014;16.07.2014;07.08.2014
1380;117;109;02.10.2010;01.12.2010;09.10.2010
1381;408;156;04.06.2015;15.07.2015;11.06.2015
1382;106;219;06.10.2008;14.11.2008;20.10.2008
1383;31;222;17.06.2006;26.06.2006;15.07.2006
1384;340;47;18.10.2004;08.11.2004;08.11.2004
1385;476;15;14.03.2004;12.05.2004;21.03.2004
1386;279;48;27.10.2007;13.11.2007;10.11.2007
1387;130;227;09.12.2008;08.01.2009;23.12.2008
1388;177;151;17.08.2003;15.09.2003;24.08.2003
1389;46;184;15.12.2013;25.01.2014;29.12.2013
1390;93;104;16.01.2006;04.02.2006;30.01.2006
1391;49;41;09.01.2005;09.01.2005;06.02.2005
1392;318;188;03.06.2011;26.07.2011;01.07.2011
1393;393;96;05.08.2012;02.09.2012;12.08.2012
1394;174;83;20.07.2009;26.07.2009;10.08.2009
1395;284;191;31.01.2013;21.03.2013;07.02.2013
1396;451;129;13.01.2000;26.02.2000;27.01.2000
1397;466;34;01.07.2000;16.08.2000;15.07.2000
1398;57;212;21.07.2014;02.09.2014;28.07.2014
1399;27;54;25.10.2008;07.11.2008;15.11.2008
1400;61;36;09.01.2005;14.02.2005;16.01.2005
1401;426;101;20.04.2013;21.04.2013;04.05.2013
1402;291;197;29.12.2003;24.01.2004;12.01.2004
1403;371;56;14.07.2009;02.08.2009;28.07.2009
1404;351;109;11.03.2004;12.04.2004;01.04.2004
1405;114;113;23.05.2003;23.05.2003;13.06.2003
1406;283;87;01.05.2013;30.06.2013;22.05.2013
1407;11;152;19.09.2005;19.10.2005;26.09.2005
1408;335;135;10.10.2001;28.11.2001;31.10.2001
1409;170;43;06.08.2014;10.09.2014;20.08.2014
1410;39;217;15.07.2011;18.08.2011;12.08.2011
1411;429;81;04.11.2010;29.12.2010;02.12.2010
1412;379;169;10.06.2015;07.07.2015;08.07.2015
1413;488;121;04.07.2009;16.07.2009;01.08.2009
1414;475;21;20.10.2009;02.11.2009;17.11.2009
1415;155;56;22.11.2007;08.01.2008;13.12.2007
1416;462;210;07.05.2000;29.05.2000;21.05.2000
1417;209;4;17.04.2010;12.05.2010;01.05.2010
1418;277;129;14.06.2013;04.08.2013;12.07.2013
1419;125;149;19.06.2005;07.08.2005;26.06.2005
1420;108;130;27.04.2010;19.05.2010;18.05.2010
1421;460;19;14.01.2014;01.03.2014;11.02.2014
1422;41;122;15.06.2006;13.07.2006;13.07.2006
1423;340;183;27.06.2006;22.08.2006;04.07.2006
1424;301;234;05.07.2011;08.08.2011;19.07.2011
1425;246;115;27.12.2009;21.02.2010;10.01.2010
1426;4;78;31.12.2008;28.02.2009;21.01.2009
1427;380;231;18.07.2009;25.07.2009;01.08.2009
1428;95;211;25.01.2009;17.03.2009;22.02.2009
1429;173;237;11.01.2011;25.01.2011;18.01.2011
1430;46;44;30.06.2005;03.07.2005;21.07.2005
1431;194;110;10.04.2011;04.06.2011;24.04.2011
1432;320;158;19.04.2003;22.04.2003;17.05.2003
1433;425;184;26.01.2003;28.01.2003;02.02.2003
1434;455;29;20.02.2012;16.04.2012;12.03.2012
1435;357;26;21.06.2006;21.07.2006;05.07.2006
1436;226;104;15.03.2004;17.03.2004;12.04.2004
1437;16;186;23.08.2004;18.10.2004;06.09.2004
1438;159;104;03.07.2004;27.08.2004;10.07.2004
1439;85;99;28.05.2010;29.05.2010;04.06.2010
1440;478;67;10.05.2008;03.07.2008;17.05.2008
1441;362;33;09.09.2001;26.09.2001;07.10.2001
1442;349;172;13.03.2002;28.03.2002;20.03.2002
1443;189;133;19.05.2004;30.05.2004;09.06.2004
1444;56;109;11.06.2008;13.06.2008;09.07.2008
1445;32;28;15.06.2011;02.07.2011;29.06.2011
1446;195;165;11.03.2010;11.04.2010;08.04.2010
1447;486;213;29.02.2008;26.04.2008;21.03.2008
1448;278;45;19.05.2005;30.06.2005;02.06.2005
1449;321;91;28.05.2013;24.07.2013;04.06.2013
1450;444;136;12.11.2001;16.11.2001;26.11.2001
1451;457;192;09.07.2005;15.07.2005;23.07.2005
1452;133;101;19.10.2004;13.11.2004;02.11.2004
1453;100;67;24.03.2014;29.03.2014;07.04.2014
1454;145;143;11.11.2008;04.01.2009;09.12.2008
1455;215;105;27.03.2000;10.05.2000;24.04.2000
1456;444;63;19.10.2007;12.11.2007;16.11.2007
1457;52;237;06.10.2008;17.11.2008;20.10.2008
1458;381;19;20.07.2009;31.08.2009;10.08.2009
1459;55;151;08.08.2007;26.08.2007;05.09.2007
1460;165;73;10.01.2012;02.03.2012;07.02.2012
1461;27;134;13.05.2015;06.06.2015;03.06.2015
1462;29;131;24.02.2009;03.03.2009;10.03.2009
1463;219;98;05.07.2012;23.07.2012;02.08.2012
1464;439;143;20.06.2014;25.07.2014;11.07.2014
1465;241;36;28.12.2001;26.02.2002;04.01.2002
1466;432;58;07.04.2011;13.04.2011;14.04.2011
1467;233;203;30.07.2005;14.08.2005;20.08.2005
1468;40;175;07.05.2005;07.06.2005;14.05.2005
1469;80;104;28.05.2007;30.06.2007;18.06.2007
1470;140;182;26.04.2000;23.05.2000;17.05.2000
1471;202;132;04.07.2007;12.07.2007;01.08.2007
1472;186;62;29.10.2003;10.11.2003;05.11.2003
1473;73;155;27.05.2001;08.06.2001;03.06.2001
1474;160;73;13.04.2000;07.06.2000;04.05.2000
1475;5;93;12.03.2000;15.03.2000;02.04.2000
1476;29;38;07.11.2007;22.12.2007;05.12.2007
1477;120;73;08.12.2012;18.12.2012;05.01.2013
1478;291;104;20.08.2012;04.10.2012;27.08.2012
1479;197;83;28.03.2003;17.04.2003;18.04.2003
1480;15;49;05.08.2004;25.08.2004;26.08.2004
1481;488;212;02.02.2003;18.02.2003;23.02.2003
1482;433;133;18.01.2002;20.01.2002;01.02.2002
1483;405;146;19.10.2010;19.11.2010;16.11.2010
1484;9;206;02.01.2015;24.02.2015;09.01.2015
1485;142;63;24.01.2010;06.02.2010;21.02.2010
1486;259;203;24.08.2010;19.09.2010;07.09.2010
1487;119;176;07.08.2010;06.10.2010;28.08.2010
1488;382;148;25.03.2001;24.05.2001;08.04.2001
1489;256;198;23.11.2002;21.12.2002;14.12.2002
1490;327;149;01.09.2010;02.10.2010;08.09.2010
1491;414;231;17.06.2004;16.08.2004;08.07.2004
1492;466;33;07.07.2007;16.07.2007;04.08.2007
1493;215;161;15.05.2012;25.06.2012;12.06.2012
1494;303;198;08.12.2009;12.01.2010;29.12.2009
1495;157;159;07.02.2012;16.02.2012;28.02.2012
1496;28;76;26.01.2004;21.03.2004;23.02.2004
1497;492;100;13.09.2003;24.09.2003;04.10.2003
1498;177;238;25.10.2013;17.11.2013;22.11.2013
1499;204;177;22.10.2012;01.11.2012;12.11.2012
1500;160;119;14.06.2002;09.08.2002;28.06.2002
1501;362;122;07.12.2003;07.12.2003;04.01.2004
1502;195;238;28.11.2002;15.01.2003;05.12.2002
1503;375;140;31.03.2004;22.05.2004;21.04.2004
1504;122;60;23.09.2002;12.10.2002;21.10.2002
1505;254;50;17.03.2011;23.04.2011;24.03.2011
1506;133;209;08.04.2003;23.05.2003;15.04.2003
1507;18;222;03.08.2003;14.08.2003;10.08.2003
1508;437;3;13.07.2002;30.08.2002;03.08.2002
1509;68;117;03.01.2001;16.01.2001;10.01.2001
1510;367;25;21.07.2007;14.08.2007;04.08.2007
1511;195;174;28.02.2003;05.04.2003;14.03.2003
1512;63;132;26.10.2002;06.12.2002;16.11.2002
1513;198;25;16.05.2015;03.07.2015;06.06.2015
1514;77;221;14.05.2009;01.06.2009;28.05.2009
1515;328;168;21.07.2010;29.07.2010;04.08.2010
1516;449;48;15.01.2006;18.02.2006;05.02.2006
1517;175;64;15.06.2015;12.07.2015;29.06.2015
1518;438;62;29.07.2007;09.08.2007;05.08.2007
1519;150;145;08.07.2009;16.07.2009;05.08.2009
1520;97;12;26.02.2009;19.03.2009;12.03.2009
1521;479;50;02.09.2005;26.10.2005;16.09.2005
1522;130;197;22.09.2014;11.11.2014;29.09.2014
1523;198;84;12.10.2004;04.11.2004;19.10.2004
1524;361;157;14.06.2013;12.08.2013;12.07.2013
1525;369;217;15.09.2009;03.10.2009;29.09.2009
1526;129;216;22.01.2015;02.02.2015;12.02.2015
1527;230;226;07.06.2013;11.06.2013;14.06.2013
1528;268;209;09.12.2001;19.12.2001;16.12.2001
1529;239;226;20.09.2008;06.10.2008;11.10.2008
1530;456;120;01.11.2001;23.12.2001;15.11.2001
1531;10;195;19.06.2004;29.06.2004;17.07.2004
1532;70;107;13.06.2009;01.07.2009;20.06.2009
1533;482;78;14.11.2003;05.01.2004;12.12.2003
1534;219;52;14.03.2000;05.05.2000;04.04.2000
1535;336;134;23.08.2012;14.10.2012;13.09.2012
1536;388;150;02.07.2010;20.07.2010;09.07.2010
1537;236;190;26.08.2005;15.10.2005;09.09.2005
1538;99;113;13.12.2014;15.12.2014;03.01.2015
1539;139;76;11.08.2004;12.09.2004;08.09.2004
1540;317;179;17.05.2010;24.05.2010;14.06.2010
1541;304;162;14.05.2011;28.06.2011;28.05.2011
1542;142;59;31.03.2000;16.05.2000;21.04.2000
1543;168;171;23.10.2004;18.12.2004;06.11.2004
1544;278;68;19.10.2008;22.10.2008;02.11.2008
1545;136;85;15.06.2009;02.07.2009;06.07.2009
1546;42;16;20.02.2012;18.03.2012;12.03.2012
1547;351;138;23.06.2012;23.07.2012;07.07.2012
1548;493;45;11.08.2005;21.08.2005;25.08.2005
1549;104;40;15.04.2011;01.06.2011;29.04.2011
1550;320;220;30.10.2008;28.12.2008;20.11.2008
1551;321;50;14.09.2011;25.10.2011;12.10.2011
1552;242;36;17.02.2012;18.03.2012;24.02.2012
1553;213;111;12.07.2009;04.09.2009;19.07.2009
1554;164;173;28.01.2011;06.02.2011;04.02.2011
1555;180;112;26.06.2013;28.07.2013;10.07.2013
1556;17;187;05.06.2015;04.08.2015;03.07.2015
1557;116;18;17.02.2003;10.04.2003;17.03.2003
1558;477;127;09.05.2007;11.06.2007;30.05.2007
1559;87;216;01.07.2002;08.07.2002;29.07.2002
1560;427;219;30.03.2003;25.05.2003;13.04.2003
1561;402;142;16.07.2012;05.08.2012;23.07.2012
1562;239;215;29.10.2009;23.11.2009;26.11.2009
1563;188;92;25.05.2001;19.07.2001;01.06.2001
1564;76;234;16.07.2014;26.07.2014;30.07.2014
1565;139;34;24.08.2001;27.08.2001;31.08.2001
1566;470;23;27.12.2013;19.02.2014;03.01.2014
1567;474;207;14.04.2008;24.05.2008;05.05.2008
1568;4;159;08.01.2002;26.02.2002;05.02.2002
1569;452;44;28.02.2007;26.04.2007;07.03.2007
1570;441;60;12.04.2003;01.06.2003;10.05.2003
1571;115;228;05.02.2011;21.03.2011;26.02.2011
1572;89;154;06.04.2002;10.04.2002;04.05.2002
1573;130;80;01.02.2005;12.03.2005;22.02.2005
1574;31;236;13.04.2000;19.05.2000;11.05.2000
1575;192;205;18.01.2004;04.02.2004;25.01.2004
1576;42;29;15.05.2015;04.07.2015;12.06.2015
1577;314;162;24.10.2004;15.12.2004;21.11.2004
1578;68;220;21.10.2003;20.11.2003;04.11.2003
1579;303;182;29.01.2009;26.02.2009;26.02.2009
1580;349;74;10.09.2006;03.11.2006;01.10.2006
1581;329;72;18.09.2011;26.09.2011;25.09.2011
1582;500;211;12.04.2014;14.04.2014;10.05.2014
1583;410;68;21.04.2006;22.05.2006;28.04.2006
1584;252;234;05.04.2015;21.04.2015;26.04.2015
1585;45;108;09.02.2010;24.03.2010;02.03.2010
1586;20;144;07.12.2005;28.01.2006;21.12.2005
1587;279;226;02.04.2011;10.04.2011;23.04.2011
1588;413;211;05.01.2008;12.02.2008;26.01.2008
1589;423;161;26.07.2000;12.08.2000;16.08.2000
1590;142;72;13.10.2001;27.10.2001;10.11.2001
1591;180;205;24.11.2002;19.12.2002;22.12.2002
1592;383;118;18.02.2010;19.03.2010;18.03.2010
1593;202;175;20.08.2012;06.10.2012;10.09.2012
1594;384;186;01.04.2009;03.05.2009;22.04.2009
1595;487;239;23.02.2007;25.02.2007;02.03.2007
1596;493;106;29.11.2002;16.01.2003;20.12.2002
1597;293;211;02.11.2001;23.12.2001;30.11.2001
1598;11;66;14.08.2007;18.08.2007;21.08.2007
1599;14;216;28.02.2013;09.04.2013;21.03.2013
1600;441;128;12.11.2001;17.11.2001;03.12.2001
1601;460;149;21.12.2008;05.01.2009;11.01.2009
1602;164;213;14.05.2009;12.06.2009;21.05.2009
1603;327;212;29.08.2000;17.09.2000;12.09.2000
1604;182;91;17.04.2004;25.05.2004;08.05.2004
1605;363;209;14.03.2015;10.05.2015;28.03.2015
1606;351;41;09.05.2004;28.05.2004;23.05.2004
1607;456;139;03.04.2015;19.05.2015;01.05.2015
1608;196;214;16.02.2008;05.03.2008;15.03.2008
1609;408;73;16.07.2007;18.07.2007;23.07.2007
1610;410;125;09.08.2002;29.08.2002;06.09.2002
1611;242;223;27.10.2001;09.12.2001;10.11.2001
1612;362;201;24.02.2013;31.03.2013;17.03.2013
1613;500;120;29.08.2004;09.09.2004;19.09.2004
1614;197;111;30.01.2002;22.02.2002;20.02.2002
1615;469;109;29.12.2007;09.02.2008;26.01.2008
1616;494;118;21.05.2004;08.06.2004;11.06.2004
1617;74;34;25.09.2003;05.11.2003;16.10.2003
1618;373;231;01.08.2006;03.08.2006;22.08.2006
1619;209;40;22.05.2011;16.07.2011;19.06.2011
1620;40;222;21.11.2014;18.12.2014;12.12.2014
1621;428;87;01.05.2002;02.05.2002;15.05.2002
1622;14;232;06.05.2012;24.06.2012;20.05.2012
1623;213;187;25.06.2003;08.08.2003;16.07.2003
1624;125;27;14.09.2012;30.09.2012;21.09.2012
1625;390;178;02.07.2008;28.08.2008;16.07.2008
1626;224;81;11.05.2011;21.06.2011;01.06.2011
1627;440;108;18.09.2006;17.11.2006;09.10.2006
1628;48;216;03.04.2013;17.05.2013;10.04.2013
1629;381;211;30.11.2012;10.01.2013;21.12.2012
1630;453;91;07.01.2006;18.02.2006;14.01.2006
1631;229;118;06.06.2015;25.07.2015;20.06.2015
1632;499;52;26.06.2011;11.07.2011;03.07.2011
1633;403;143;12.10.2001;28.10.2001;09.11.2001
1634;290;197;18.07.2005;27.07.2005;08.08.2005
1635;247;130;09.08.2001;17.08.2001;16.08.2001
1636;285;138;25.08.2009;14.10.2009;15.09.2009
1637;485;46;23.06.2001;26.06.2001;21.07.2001
1638;62;66;11.12.2013;03.02.2014;18.12.2013
1639;498;149;08.01.2015;08.01.2015;15.01.2015
1640;242;125;12.04.2011;13.05.2011;26.04.2011
1641;480;117;13.07.2013;30.07.2013;20.07.2013
1642;223;5;13.02.2015;16.03.2015;13.03.2015
1643;317;110;07.05.2015;08.06.2015;04.06.2015
1644;396;142;14.10.2012;06.11.2012;04.11.2012
1645;178;240;27.02.2006;07.04.2006;06.03.2006
1646;245;64;16.06.2011;21.06.2011;07.07.2011
1647;312;186;25.04.2000;28.05.2000;16.05.2000
1648;27;80;17.02.2002;16.03.2002;24.02.2002
1649;80;239;08.04.2002;13.04.2002;29.04.2002
1650;305;239;22.06.2009;13.08.2009;06.07.2009
1651;265;105;19.08.2012;20.09.2012;09.09.2012
1652;490;127;24.04.2006;08.06.2006;01.05.2006
1653;348;193;19.11.2009;12.12.2009;26.11.2009
1654;383;64;18.11.2008;18.12.2008;16.12.2008
1655;131;9;27.10.2001;10.12.2001;10.11.2001
1656;158;197;25.12.2002;24.01.2003;01.01.2003
1657;404;77;20.10.2001;22.10.2001;10.11.2001
1658;314;121;26.01.2004;11.03.2004;09.02.2004
1659;423;20;28.11.2013;13.12.2013;26.12.2013
1660;4;241;25.10.2000;28.10.2000;22.11.2000
1661;9;193;25.06.2000;24.08.2000;16.07.2000
1662;192;219;11.06.2010;04.07.2010;25.06.2010
1663;243;45;01.02.2011;27.02.2011;22.02.2011
1664;386;149;28.07.2005;03.08.2005;25.08.2005
1665;284;225;05.02.2007;14.03.2007;19.02.2007
1666;201;144;30.03.2010;06.05.2010;13.04.2010
1667;204;171;12.05.2015;18.06.2015;09.06.2015
1668;390;122;17.12.2007;28.12.2007;07.01.2008
1669;95;164;27.05.2002;08.06.2002;10.06.2002
1670;152;90;27.06.2003;08.08.2003;11.07.2003
1671;364;187;12.04.2006;26.05.2006;10.05.2006
1672;37;41;22.05.2011;30.06.2011;19.06.2011
1673;248;128;02.03.2001;21.04.2001;23.03.2001
1674;147;63;13.10.2010;07.11.2010;20.10.2010
1675;19;200;16.11.2002;05.01.2003;14.12.2002
1676;194;203;08.07.2004;14.08.2004;29.07.2004
1677;414;65;22.02.2006;19.04.2006;15.03.2006
1678;413;6;29.09.2002;22.10.2002;27.10.2002
1679;459;143;30.04.2003;27.06.2003;14.05.2003
1680;397;205;24.12.2000;11.01.2001;31.12.2000
1681;278;16;21.12.2010;25.12.2010;04.01.2011
1682;225;18;11.11.2012;26.12.2012;18.11.2012
1683;365;89;30.04.2000;24.06.2000;07.05.2000
1684;225;124;31.05.2006;11.07.2006;21.06.2006
1685;324;38;03.07.2000;29.07.2000;31.07.2000
1686;39;76;28.08.2007;19.10.2007;25.09.2007
1687;335;16;21.07.2014;04.08.2014;28.07.2014
1688;405;36;13.10.2011;20.11.2011;27.10.2011
1689;432;225;15.03.2003;17.04.2003;22.03.2003
1690;424;238;31.07.2013;06.08.2013;07.08.2013
1691;140;227;10.09.2003;07.10.2003;01.10.2003
1692;447;113;17.03.2001;08.05.2001;24.03.2001
1693;477;10;04.02.2007;13.03.2007;04.03.2007
1694;51;230;27.09.2001;15.10.2001;25.10.2001
1695;36;121;19.03.2011;19.03.2011;02.04.2011
1696;497;109;10.10.2004;17.10.2004;07.11.2004
1697;112;68;04.09.2008;07.10.2008;18.09.2008
1698;371;143;06.09.2005;08.10.2005;27.09.2005
1699;299;85;11.03.2008;25.03.2008;25.03.2008
1700;305;74;21.06.2002;07.07.2002;05.07.2002
1701;409;83;06.07.2009;12.07.2009;20.07.2009
1702;408;74;17.11.2013;13.12.2013;08.12.2013
1703;200;49;17.03.2009;07.04.2009;24.03.2009
1704;232;21;04.04.2009;07.05.2009;11.04.2009
1705;291;80;04.08.2000;16.08.2000;25.08.2000
1706;384;41;29.12.2012;15.02.2013;05.01.2013
1707;264;183;13.03.2011;28.03.2011;10.04.2011
1708;165;195;29.05.2013;11.07.2013;05.06.2013
1709;93;73;21.12.2011;14.02.2012;18.01.2012
1710;207;153;21.08.2012;04.10.2012;11.09.2012
1711;487;162;24.12.2003;01.02.2004;07.01.2004
1712;325;49;08.08.2011;09.08.2011;05.09.2011
1713;459;36;07.02.2015;20.03.2015;21.02.2015
1714;11;77;30.09.2012;04.10.2012;28.10.2012
1715;14;238;02.08.2014;01.09.2014;23.08.2014
1716;201;96;29.06.2006;07.08.2006;06.07.2006
1717;398;84;26.11.2008;10.12.2008;24.12.2008
1718;138;27;02.08.2013;08.09.2013;23.08.2013
1719;236;33;12.04.2003;05.05.2003;26.04.2003
1720;425;153;25.05.2013;24.06.2013;15.06.2013
1721;289;67;06.01.2012;12.01.2012;03.02.2012
1722;198;217;03.06.2015;01.08.2015;24.06.2015
1723;136;228;12.03.2014;11.05.2014;19.03.2014
1724;332;83;17.09.2002;16.10.2002;15.10.2002
1725;92;92;17.11.2002;07.12.2002;01.12.2002
1726;443;67;01.09.2006;14.10.2006;15.09.2006
1727;76;33;03.06.2000;08.06.2000;10.06.2000
1728;315;196;27.07.2008;06.09.2008;03.08.2008
1729;62;1;13.09.2006;28.09.2006;04.10.2006
1730;165;210;26.09.2001;24.11.2001;17.10.2001
1731;219;108;19.05.2001;22.06.2001;09.06.2001
1732;487;151;19.11.2011;26.12.2011;17.12.2011
1733;399;41;21.04.2010;09.06.2010;05.05.2010
1734;4;211;26.04.2004;17.05.2004;17.05.2004
1735;62;25;22.02.2009;24.03.2009;15.03.2009
1736;497;25;15.07.2003;06.09.2003;12.08.2003
1737;292;217;15.05.2010;16.06.2010;05.06.2010
1738;179;99;10.06.2015;23.06.2015;24.06.2015
1739;28;86;28.03.2000;06.04.2000;25.04.2000
1740;432;153;29.05.2005;22.06.2005;19.06.2005
1741;492;119;10.01.2003;26.02.2003;24.01.2003
1742;338;131;07.10.2011;12.11.2011;21.10.2011
1743;368;221;13.10.2003;04.12.2003;10.11.2003
1744;39;180;01.04.2015;10.05.2015;08.04.2015
1745;149;27;15.05.2014;24.05.2014;29.05.2014
1746;327;22;01.12.2001;11.01.2002;22.12.2001
1747;412;42;22.05.2015;30.06.2015;12.06.2015
1748;364;6;23.04.2007;12.05.2007;07.05.2007
1749;322;114;25.10.2009;03.12.2009;15.11.2009
1750;311;99;07.08.2001;23.09.2001;14.08.2001
1751;372;149;06.10.2000;25.10.2000;20.10.2000
1752;388;83;31.07.2008;08.08.2008;07.08.2008
1753;42;34;09.10.2003;15.11.2003;06.11.2003
1754;468;218;19.08.2008;03.10.2008;02.09.2008
1755;151;85;10.10.2012;02.11.2012;24.10.2012
1756;314;187;24.08.2013;30.09.2013;31.08.2013
1757;458;165;25.02.2009;21.03.2009;04.03.2009
1758;397;140;03.04.2012;05.05.2012;01.05.2012
1759;185;235;18.03.2004;05.04.2004;25.03.2004
1760;52;232;22.12.2006;25.01.2007;12.01.2007
1761;393;183;03.12.2000;10.12.2000;31.12.2000
1762;34;227;26.02.2000;05.04.2000;04.03.2000
1763;483;51;10.11.2006;13.12.2006;08.12.2006
1764;458;215;07.04.2007;20.04.2007;05.05.2007
1765;218;25;22.04.2015;04.05.2015;20.05.2015
1766;231;221;01.11.2005;06.12.2005;15.11.2005
1767;6;29;05.08.2003;11.08.2003;02.09.2003
1768;107;37;02.06.2013;05.07.2013;30.06.2013
1769;76;203;21.05.2009;29.05.2009;28.05.2009
1770;262;196;09.09.2009;12.09.2009;07.10.2009
1771;156;78;09.05.2015;05.06.2015;23.05.2015
1772;1;1;19.10.2002;16.11.2002;09.11.2002
1773;461;225;06.08.2008;26.08.2008;03.09.2008
1774;342;148;25.11.2012;18.01.2013;02.12.2012
1775;251;27;04.12.2000;29.01.2001;18.12.2000
1776;495;52;06.01.2015;28.02.2015;20.01.2015
1777;337;12;02.02.2004;02.02.2004;09.02.2004
1778;410;240;09.11.2000;26.12.2000;07.12.2000
1779;27;124;19.10.2003;07.11.2003;16.11.2003
1780;181;109;15.01.2005;01.02.2005;12.02.2005
1781;238;101;26.08.2007;11.10.2007;23.09.2007
1782;486;166;22.02.2004;20.03.2004;07.03.2004
1783;417;225;06.02.2000;10.03.2000;27.02.2000
1784;386;231;08.11.2004;25.12.2004;29.11.2004
1785;393;53;05.05.2014;17.05.2014;26.05.2014
1786;248;114;09.12.2011;27.12.2011;06.01.2012
1787;496;116;18.10.2009;07.11.2009;08.11.2009
1788;77;63;02.09.2006;18.09.2006;09.09.2006
1789;134;210;15.11.2005;12.12.2005;29.11.2005
1790;472;220;24.03.2007;22.04.2007;14.04.2007
1791;402;137;17.01.2008;29.02.2008;24.01.2008
1792;191;65;09.01.2009;24.01.2009;23.01.2009
1793;272;185;28.08.2003;01.10.2003;04.09.2003
1794;201;200;09.11.2013;24.11.2013;16.11.2013
1795;197;89;28.01.2008;29.01.2008;25.02.2008
1796;372;80;12.03.2001;11.04.2001;09.04.2001
1797;376;43;18.12.2014;07.01.2015;01.01.2015
1798;80;46;15.03.2015;07.04.2015;22.03.2015
1799;69;82;05.04.2014;17.05.2014;12.04.2014
1800;131;9;01.07.2012;06.07.2012;29.07.2012
1801;11;200;22.08.2013;20.09.2013;05.09.2013
1802;411;135;11.10.2004;30.10.2004;01.11.2004
1803;496;138;11.12.2002;04.02.2003;18.12.2002
1804;355;27;08.07.2000;16.07.2000;15.07.2000
1805;374;10;24.06.2014;23.08.2014;22.07.2014
1806;303;133;12.10.2007;19.10.2007;02.11.2007
1807;401;155;10.08.2006;22.08.2006;17.08.2006
1808;496;85;04.05.2009;11.05.2009;25.05.2009
1809;299;186;02.05.2013;07.06.2013;23.05.2013
1810;347;187;04.07.2007;02.09.2007;11.07.2007
1811;387;218;07.04.2013;08.05.2013;05.05.2013
1812;142;208;11.09.2003;04.11.2003;02.10.2003
1813;148;174;05.08.2014;29.08.2014;12.08.2014
1814;196;211;17.03.2015;29.03.2015;31.03.2015
1815;331;197;25.02.2014;07.04.2014;11.03.2014
1816;91;232;10.05.2013;15.05.2013;17.05.2013
1817;328;92;01.04.2005;04.04.2005;15.04.2005
1818;498;67;29.08.2005;30.09.2005;19.09.2005
1819;385;65;11.05.2007;14.06.2007;25.05.2007
1820;352;112;18.09.2014;15.11.2014;16.10.2014
1821;71;233;30.04.2006;17.05.2006;21.05.2006
1822;217;12;23.08.2000;06.10.2000;20.09.2000
1823;35;205;26.04.2010;03.05.2010;10.05.2010
1824;47;155;16.05.2015;12.06.2015;30.05.2015
1825;397;133;02.09.2002;04.10.2002;23.09.2002
1826;302;95;12.10.2006;21.10.2006;19.10.2006
1827;345;200;26.08.2000;05.10.2000;16.09.2000
1828;135;38;01.02.2003;17.02.2003;08.02.2003
1829;241;27;04.10.2009;02.12.2009;18.10.2009
1830;446;31;05.04.2008;27.05.2008;26.04.2008
1831;270;49;06.10.2003;30.10.2003;13.10.2003
1832;56;185;09.06.2007;06.07.2007;30.06.2007
1833;197;89;22.04.2006;17.06.2006;13.05.2006
1834;327;122;27.03.2015;30.03.2015;24.04.2015
1835;378;229;31.01.2010;27.03.2010;14.02.2010
1836;377;4;24.08.2009;16.10.2009;21.09.2009
1837;278;132;25.12.2007;05.02.2008;01.01.2008
1838;246;105;18.07.2001;13.09.2001;25.07.2001
1839;372;44;06.08.2001;03.10.2001;20.08.2001
1840;42;59;04.05.2002;04.06.2002;01.06.2002
1841;342;211;10.06.2007;11.06.2007;01.07.2007
1842;441;13;18.09.2011;11.11.2011;16.10.2011
1843;434;212;20.04.2010;09.05.2010;11.05.2010
1844;487;6;05.04.2012;12.04.2012;26.04.2012
1845;99;7;13.02.2005;03.04.2005;06.03.2005
1846;230;173;17.05.2011;03.07.2011;14.06.2011
1847;454;161;24.06.2003;14.07.2003;08.07.2003
1848;212;93;04.02.2000;10.03.2000;25.02.2000
1849;135;107;05.03.2004;21.04.2004;19.03.2004
1850;430;96;16.08.2012;17.08.2012;30.08.2012
1851;77;210;10.05.2014;24.06.2014;17.05.2014
1852;40;39;06.10.2008;15.11.2008;13.10.2008
1853;352;78;05.02.2008;23.02.2008;04.03.2008
1854;164;53;05.08.2004;13.08.2004;02.09.2004
1855;192;59;13.08.2014;06.09.2014;10.09.2014
1856;140;222;18.04.2013;02.06.2013;16.05.2013
1857;218;51;07.05.2004;06.06.2004;28.05.2004
1858;113;191;14.10.2005;26.10.2005;04.11.2005
1859;107;48;01.10.2007;15.10.2007;22.10.2007
1860;266;146;15.02.2005;15.04.2005;22.02.2005
1861;490;205;20.07.2001;17.08.2001;03.08.2001
1862;493;207;23.03.2011;24.03.2011;30.03.2011
1863;181;94;27.12.2006;15.02.2007;24.01.2007
1864;1;20;30.07.2007;21.09.2007;06.08.2007
1865;145;75;02.11.2002;05.11.2002;23.11.2002
1866;56;225;19.12.2005;08.02.2006;16.01.2006
1867;412;218;11.10.2007;25.10.2007;08.11.2007
1868;418;165;28.01.2005;20.02.2005;11.02.2005
1869;453;60;02.07.2008;20.08.2008;16.07.2008
1870;204;163;27.09.2000;07.10.2000;11.10.2000
1871;145;122;15.12.2013;18.01.2014;22.12.2013
1872;110;225;26.11.2013;26.12.2013;24.12.2013
1873;240;220;06.08.2012;28.08.2012;03.09.2012
1874;279;7;16.11.2006;20.12.2006;23.11.2006
1875;190;20;14.01.2011;20.01.2011;11.02.2011
1876;149;73;18.03.2011;12.04.2011;25.03.2011
1877;320;74;22.11.2012;02.12.2012;20.12.2012
1878;56;116;22.01.2005;31.01.2005;19.02.2005
1879;291;240;01.10.2011;04.10.2011;22.10.2011
1880;437;124;10.06.2014;24.07.2014;08.07.2014
1881;187;162;09.12.2001;24.01.2002;30.12.2001
1882;457;195;12.04.2007;15.05.2007;10.05.2007
1883;1;214;07.12.2004;09.01.2005;21.12.2004
1884;248;186;01.02.2011;08.03.2011;22.02.2011
1885;90;161;08.05.2004;04.07.2004;05.06.2004
1886;454;7;02.07.2003;25.08.2003;23.07.2003
1887;443;149;21.11.2010;12.12.2010;05.12.2010
1888;252;55;11.06.2005;09.08.2005;02.07.2005
1889;230;233;19.09.2003;02.11.2003;03.10.2003
1890;352;216;17.01.2003;05.03.2003;31.01.2003
1891;32;195;26.09.2011;14.10.2011;10.10.2011
1892;232;10;06.11.2005;02.01.2006;04.12.2005
1893;229;232;10.12.2008;09.01.2009;24.12.2008
1894;352;65;08.12.2002;10.12.2002;29.12.2002
1895;323;132;06.12.2007;16.01.2008;20.12.2007
1896;407;203;07.11.2003;06.12.2003;14.11.2003
1897;120;210;20.09.2006;18.11.2006;27.09.2006
1898;310;21;01.07.2012;16.08.2012;29.07.2012
1899;107;121;27.05.2013;23.07.2013;03.06.2013
1900;235;197;09.02.2010;17.03.2010;23.02.2010
1901;272;159;29.11.2007;02.01.2008;20.12.2007
1902;368;17;11.06.2004;15.07.2004;09.07.2004
1903;493;175;07.01.2013;19.02.2013;04.02.2013
1904;21;76;25.02.2015;15.04.2015;04.03.2015
1905;128;112;07.02.2006;14.02.2006;14.02.2006
1906;440;47;23.01.2011;09.02.2011;30.01.2011
1907;187;192;22.09.2008;15.11.2008;06.10.2008
1908;316;58;30.06.2009;14.07.2009;28.07.2009
1909;316;187;29.04.2011;07.06.2011;06.05.2011
1910;267;232;24.10.2014;27.10.2014;21.11.2014
1911;96;155;21.08.2000;22.08.2000;04.09.2000
1912;403;79;14.02.2015;18.02.2015;28.02.2015
1913;435;130;09.08.2008;04.09.2008;06.09.2008
1914;202;98;16.01.2001;03.03.2001;23.01.2001
1915;314;104;02.05.2008;01.07.2008;09.05.2008
1916;272;90;01.11.2009;01.12.2009;29.11.2009
1917;58;183;29.05.2010;20.06.2010;05.06.2010
1918;492;114;25.05.2007;04.07.2007;15.06.2007
1919;373;119;30.12.2004;30.01.2005;27.01.2005
1920;105;84;24.04.2012;26.05.2012;15.05.2012
1921;290;210;01.02.2009;26.03.2009;22.02.2009
1922;14;34;01.03.2004;24.04.2004;22.03.2004
1923;500;241;02.02.2002;25.02.2002;16.02.2002
1924;222;122;27.03.2015;15.05.2015;24.04.2015
1925;407;183;12.04.2012;12.04.2012;03.05.2012
1926;387;159;21.07.2004;07.08.2004;18.08.2004
1927;216;63;09.12.2013;31.01.2014;23.12.2013
1928;474;129;25.04.2013;13.05.2013;02.05.2013
1929;62;180;29.05.2014;30.05.2014;19.06.2014
1930;48;162;19.07.2005;12.08.2005;09.08.2005
1931;26;22;30.11.2007;01.12.2007;07.12.2007
1932;495;188;07.02.2000;01.04.2000;28.02.2000
1933;395;155;28.11.2000;28.11.2000;05.12.2000
1934;278;135;07.01.2011;21.02.2011;14.01.2011
1935;140;119;10.03.2012;25.03.2012;07.04.2012
1936;392;20;02.06.2000;19.06.2000;16.06.2000
1937;284;191;02.04.2002;30.04.2002;16.04.2002
1938;442;4;10.07.2011;20.07.2011;17.07.2011
1939;168;236;18.04.2015;17.06.2015;25.04.2015
1940;454;86;16.07.2007;12.08.2007;06.08.2007
1941;231;171;24.07.2008;29.07.2008;14.08.2008
1942;369;231;12.11.2005;21.12.2005;19.11.2005
1943;398;123;18.08.2010;10.10.2010;08.09.2010
1944;219;213;08.03.2007;20.04.2007;29.03.2007
1945;267;97;23.08.2009;24.09.2009;20.09.2009
1946;21;223;16.01.2007;17.03.2007;30.01.2007
1947;273;224;03.03.2001;16.03.2001;31.03.2001
1948;347;18;06.10.2012;16.11.2012;03.11.2012
1949;132;119;09.08.2010;12.08.2010;16.08.2010
1950;208;44;12.05.2011;30.06.2011;09.06.2011
1951;274;235;28.04.2013;29.04.2013;26.05.2013
1952;190;170;02.07.2013;22.07.2013;30.07.2013
1953;31;149;10.01.2012;01.02.2012;24.01.2012
1954;243;107;08.10.2013;05.12.2013;29.10.2013
1955;487;104;12.03.2009;05.05.2009;19.03.2009
1956;356;87;16.09.2008;14.11.2008;07.10.2008
1957;73;189;20.09.2003;24.09.2003;18.10.2003
1958;15;219;03.11.2014;18.11.2014;01.12.2014
1959;361;48;12.10.2007;15.10.2007;09.11.2007
1960;387;27;01.11.2006;29.11.2006;08.11.2006
1961;262;172;02.05.2005;11.06.2005;23.05.2005
1962;229;70;19.09.2006;19.10.2006;17.10.2006
1963;39;32;01.08.2007;17.09.2007;29.08.2007
1964;442;120;15.06.2008;21.06.2008;06.07.2008
1965;351;151;29.06.2006;03.07.2006;27.07.2006
1966;255;47;15.06.2003;27.07.2003;22.06.2003
1967;81;149;28.10.2014;01.12.2014;25.11.2014
1968;349;225;03.01.2011;15.02.2011;10.01.2011
1969;300;201;30.07.2014;10.08.2014;13.08.2014
1970;109;220;22.01.2003;28.02.2003;19.02.2003
1971;24;106;29.03.2003;21.04.2003;05.04.2003
1972;493;50;10.02.2011;05.03.2011;17.02.2011
1973;297;55;26.07.2002;08.08.2002;16.08.2002
1974;377;201;06.06.2013;14.06.2013;27.06.2013
1975;161;178;01.05.2014;27.06.2014;15.05.2014
1976;167;139;14.04.2001;18.05.2001;28.04.2001
1977;51;196;04.07.2007;22.08.2007;25.07.2007
1978;165;96;21.09.2013;15.10.2013;28.09.2013
1979;33;195;28.06.2015;18.07.2015;19.07.2015
1980;37;33;01.07.2000;19.07.2000;29.07.2000
1981;9;68;07.11.2003;04.12.2003;14.11.2003
1982;93;131;21.12.2005;02.02.2006;04.01.2006
1983;127;19;08.08.2000;12.08.2000;29.08.2000
1984;357;22;09.03.2010;12.04.2010;16.03.2010
1985;105;109;23.01.2009;09.03.2009;30.01.2009
1986;422;17;26.07.2003;07.09.2003;02.08.2003
1987;95;207;13.12.2000;09.01.2001;03.01.2001
1988;201;76;22.05.2015;27.05.2015;29.05.2015
1989;463;92;17.01.2005;08.03.2005;31.01.2005
1990;212;232;22.01.2015;14.03.2015;29.01.2015
1991;54;151;02.03.2014;21.04.2014;09.03.2014
1992;297;211;14.06.2015;13.08.2015;21.06.2015
1993;320;82;27.04.2006;06.06.2006;04.05.2006
1994;103;32;24.10.2007;26.10.2007;14.11.2007
1995;329;123;06.11.2009;28.12.2009;04.12.2009
1996;2;54;21.04.2007;31.05.2007;12.05.2007
1997;219;195;21.08.2006;23.09.2006;18.09.2006
1998;278;173;23.05.2005;24.06.2005;13.06.2005
1999;57;113;13.05.2009;05.06.2009;10.06.2009
2000;210;115;31.01.2011;25.02.2011;28.02.2011